input,true_output,true_molecule,raw_output,pred_molecule,pred_time
"(MoS5,3);(MoOS6,10);(MoS5,103)","(MoS7,49)",MoS7,"(Mo4O6S6,110)",Mo4O6S6,110
"(Mo2S7,48);(Mo2S9,31);(MoS5,100)","(MoS7,54)",MoS7,"(Mo2S6,100)",Mo2S6,100
"(Mo2S8,14);(Mo2S10,1);(MoS5,25)","(MoS7,11)",MoS7,"(Mo2S6, 47)",Mo2S6,47
"(MoS5,20);(MoS3,178);(MoS5,101)","(MoS7,13)",MoS7,"(MoS3,178)",MoS3,178
"(MoS5,1);(MoOS6,91);(MoS5,154)","(MoS7,11)",MoS7,"(MoOS6,91)",MoOS6,91
"(MoS3,1);(MoOS6,1);(MoS5,610)","(MoS7,59)",MoS7,"(MoS2,1000)",MoS2,1000
"(MoS5,2);(MoOS6,8);(MoS5,383)","(MoS7,65)",MoS7,"(Mo4O5S6,1008)",Mo4O5S6,1008
"(MoS5,2);(MoOS6,4);(MoS5,400)","(MoS7,100)",MoS7,"(MoS4,500)",MoS4,500
"(MoOS4,53);(MoS3,143);(MoS5,235)","(MoS7,74)",MoS7,"(MoS4,53)",MoS4,53
"(MoOS6,25);(MoS5,118);(MoS4,1)","(MoS7,95)",MoS7,"(MoOS6,125)",MoOS6,125
"(MoOS6,1009);(MoS5,3);(MoOS6,58)","(MoS7,115)",MoS7,"(MoS5, 1009)",MoS5,1009
"(Mo2S7,30);(Mo2S8,128);(Mo2S7,44)","(MoS7,133)",MoS7,"(Mo2S9, 95)",Mo2S9,95
"(MoS5,2);(MoOS6,3);(MoS5,374)","(MoS7,121)",MoS7,"(MoS4,500)",MoS4,500
"(MoS3,231);(Mo2S10,79);(MoS5,23)","(MoS7,140)",MoS7,"(Mo2S12, 104)",Mo2S12,104
"(MoS5,1);(MoOS6,10);(MoS5,72)","(MoS7,145)",MoS7,"(MoS4,55)",MoS4,55
"(MoOS4,6);(MoS3,133);(MoS5,492)","(MoS7,171)",MoS7,"(MoOS4,135)",MoOS4,135
"(MoOS5,295);(MoOS6,1);(MoS5,104)","(MoS7,198)",MoS7,"(MoOS5,295)",MoOS5,295
"(MoS5,4);(MoOS6,19);(MoS5,57)","(MoS7,202)",MoS7,"(MoOS6,110)",MoOS6,110
"(Mo2S7,34);(Mo2S9,2);(MoS5,692)","(MoS7,169)",MoS7,"(Mo2S12, 500)",Mo2S12,500
"(MoOS4,57);(MoS3,333);(MoS5,576)","(MoS7,166)",MoS7,"(MoOS4,57)",MoOS4,57
"(MoOS4,4);(MoS3,293);(MoS5,350)","(MoS7,242)",MoS7,"(MoOS4, 97)",MoOS4,97
"(MoS2,567);(Mo2S9,66);(MoS5,113)","(MoS7,243)",MoS7,"(MoS4,200)",MoS4,200
"(Mo2S8,27);(MoS4,14);(MoS5,47)","(MoS7,219)",MoS7,"(Mo3S8, 68)",Mo3S8,68
"(MoS3,1);(MoS5,208);(Mo2S9,7)","(MoS7,206)",MoS7,"(Mo2S9,7)",Mo2S9,7
"(MoS4,64);(Mo2S9,4);(MoS5,838)","(MoS7,303)",MoS7,"(Mo2S11, 1242)",Mo2S11,1242
"(MoOS4,219);(MoOS6,31);(MoS5,389)","(MoS7,287)",MoS7,"(MoOS3,1000)",MoOS3,1000
"(MoS5,2);(MoO2S5,6);(MoS5,448)","(MoS7,301)",MoS7,"(MoS4O2,38)",MoS4O2,38
"(MoOS5,31);(MoS4,16);(MoS5,470)","(MoS7,327)",MoS7,"(MoOS3, 1005)",MoOS3,1005
"(MoOS4,19);(Mo2S8,1);(MoS5,138)","(MoS7,316)",MoS7,"(MoOS4,19)",MoOS4,19
"(MoOS4,160);(MoOS6,7);(MoS5,587)","(MoS7,352)",MoS7,"(MoOS6,587)",MoOS6,587
"(MoOS6,1620);(MoS5,2);(MoOS6,399)","(MoS7,347)",MoS7,"(MoOS6,399)",MoOS6,399
"(MoOS4,160);(MoOS6,7);(MoS5,587)","(MoS7,352)",MoS7,"(MoS2,1200)",MoS2,1200
"(MoOS4,85);(MoOS6,3);(MoS5,118)","(MoS7,406)",MoS7,"(MoOS5,200)",MoOS5,200
"(MoS5,174);(MoOS6,5);(MoS5,95)","(MoS7,489)",MoS7,"(MoOS6,180)",MoOS6,180
"(MoS5,2);(MoO2S5,2);(MoS5,20)","(MoS7,465)",MoS7,"(MoO2S5,22)",MoO2S5,22
"(MoS3,745);(MoOS3,353);(MoS5,114)","(MoS7,456)",MoS7,"(MoOS5, ��)",,
"(MoOS4,11);(MoS3,318);(MoS5,513)","(MoS7,460)",MoS7,"(MoOS4, 11)",MoOS4,11
"(MoS4,35);(MoOS5,7);(MoS4,54)","(MoS6,36)",MoS6,"(MoOS5,80)",MoOS5,80
"(Mo2S5,39);(MoS3,2);(MoS4,128)","(MoS6,26)",MoS6,"(Mo2S8,360)",Mo2S8,360
"(MoS5,407);(Mo2S9,6);(MoS4,193)","(MoS6,17)",MoS6,"(Mo2S11, 1000)",Mo2S11,1000
"(Mo2S6,10);(MoS3,4);(MoS4,188)","(MoS6,13)",MoS6,"(Mo2S6,220)",Mo2S6,220
"(Mo2S6,33);(Mo2S8,7);(MoS4,310)","(MoS6,45)",MoS6,"(Mo2S6, 66)",Mo2S6,66
"(MoOS2,2);(MoS,69);(Mo2S7,3)","(MoS6,96)",MoS6,"(Mo6S8, 68)",Mo6S8,68
"(MoOS5,51);(MoS4,63);(Mo2S10,83)","(MoS6,79)",MoS6,"(MoOS5,51)",MoOS5,51
"(MoS4,2);(MoOS5,16);(MoS4,144)","(MoS6,71)",MoS6,"(MoOS4,180)",MoOS4,180
"(MoS5,143);(Mo2S8,31);(MoS4,78)","(MoS6,106)",MoS6,"(Mo2S11, 120)",Mo2S11,120
"(MoS3,66);(MoS5,1);(MoS4,159)","(MoS6,71)",MoS6,"(MoS2,500)",MoS2,500
"(MoOS3,39);(MoS2,3);(MoS4,18)","(MoS6,136)",MoS6,"(MoOS3, 85)",MoOS3,85
"(MoS5,66);(Mo2S6,395);(Mo2S8,323)","(MoS6,137)",MoS6,"(Mo2S4,1017)",Mo2S4,1017
"(MoS4,125);(Mo2S10,27);(MoS5,168)","(MoS6,142)",MoS6,"(Mo2S11, 201)",Mo2S11,201
"(MoS2,2);(MoOS3,34);(MoS5,5)","(MoS6,122)",MoS6,"(MoS4,20)",MoS4,20
"(Mo2S9,3);(Mo2S7,79);(Mo2S9,16)","(MoS6,144)",MoS6,"(Mo2S3,120)",Mo2S3,120
"(MoOS5,29);(MoS4,2);(MoOS5,13)","(MoS6,160)",MoS6,"(MoOS5,29)",MoOS5,29
"(MoS4,42);(MoOS5,3);(MoS4,31)","(MoS6,161)",MoS6,"(MoS4,100)",MoS4,100
"(MoS5,10);(MoS3,516);(MoS5,284)","(MoS6,169)",MoS6,"(MoS4, 250)",MoS4,250
"(Mo2S10,103);(Mo2S8,87);(MoS3,9)","(MoS6,198)",MoS6,"(Mo2S7, 21)",Mo2S7,21
"(MoOS2,107);(MoS3,4);(MoS4,132)","(MoS6,195)",MoS6,"(MoS4,132)",MoS4,132
"(MoS5,181);(MoOS6,18);(MoS5,291)","(MoS6,206)",MoS6,"(MoS2,500)",MoS2,500
"(Mo2S7,9);(MoS5,37);(MoS4,16)","(MoS6,222)",MoS6,"(Mo4S6, 100)",Mo4S6,100
"(Mo2S6,1);(Mo2S10,8);(MoS5,1)","(MoS6,225)",MoS6,"(Mo2S6,1)",Mo2S6,1
"(MoS3,200);(MoS5,131);(MoS4,428)","(MoS6,216)",MoS6,"(MoS4, 428)",MoS4,428
"(MoS5,19);(MoS3,89);(MoS5,268)","(MoS6,234)",MoS6,"(Mo4O6S6,195)",Mo4O6S6,195
"(Mo2S7,77);(Mo2S9,55);(Mo2S7,1)","(MoS6,271)",MoS6,"(Mo2S6, 33)",Mo2S6,33
"(MoS3,283);(MoS5,40);(Mo2S10,10)","(MoS6,268)",MoS6,"(Mo4S12,35)",Mo4S12,35
"(Mo2S9,70);(MoS4,3);(MoS5,130)","(MoS6,289)",MoS6,"(Mo3S8, 243)",Mo3S8,243
"(MoS4,2);(MoOS5,886);(MoOS7,1)","(MoS6,290)",MoS6,"(MoOS8,1000)",MoOS8,1000
"(MoOS4,4);(MoOS3,5);(Mo2S8,2)","(MoS6,270)",MoS6,"(Mo4S24,74)",Mo4S24,74
"(MoS4,1);(MoS2,5);(MoS4,544)","(MoS6,342)",MoS6,"(MoS4, 550)",MoS4,550
"(MoS3,105);(MoS5,21);(MoS3,2)","(MoS6,312)",MoS6,"(MoS3,105)",MoS3,105
"(MoS4,441);(Mo2S9,14);(Mo2S10,515)","(MoS6,326)",MoS6,"(MoS2, 200), (MoS3, 300)",MoS2,200
"(MoS4,375);(Mo2S7,59);(MoS4,40)","(MoS6,323)",MoS6,"(MoS2, 115)",MoS2,115
"(MoOS3,42);(Mo2S5,447);(MoS5,406)","(MoS6,324)",MoS6,"(MoOS3,42)",MoOS3,42
"(MoOS2,15);(Mo2S5,98);(MoS4,48)","(MoS6,377)",MoS6,"(MoS4,48)",MoS4,48
"(Mo2S5,290);(Mo2S7,204);(Mo2S10,13)","(MoS6,395)",MoS6,"(Mo2S9, 64)",Mo2S9,64
"(MoS4,2);(MoOS5,34);(MoOS7,8)","(MoS6,383)",MoS6,"(MoOS6, 6)",MoOS6,6
"(Mo2S7,235);(Mo2S6,180);(Mo2S9,3)","(MoS6,399)",MoS6,"(Mo2S6, 180)",Mo2S6,180
"(MoOS5,18);(MoOS3,8);(MoS5,555)","(MoS6,353)",MoS6,"(MoOS4,110), (MoOS2,30)",MoOS4,110
"(Mo2S8,121);(Mo2S10,17);(MoS5,385)","(MoS6,415)",MoS6,"(Mo2S8,121)",Mo2S8,121
"(MoS4,475);(Mo2S10,112);(MoS4,184)","(MoS6,428)",MoS6,"(Mo2S12, 1685)",Mo2S12,1685
"(MoS3,1);(Mo2S7,58);(Mo2S9,147)","(MoS6,413)",MoS6,"(Mo2S6, 78)",Mo2S6,78
"(Mo2S6,18);(Mo2S9,2);(MoS5,495)","(MoS6,436)",MoS6,"(Mo2S11,1000)",Mo2S11,1000
"(MoS3,16);(Mo2S8,501);(Mo2S10,49)","(MoS6,422)",MoS6,"(Mo2S8,501)",Mo2S8,501
"(MoOS4,346);(MoOS6,7);(MoS5,125)","(MoS6,468)",MoS6,"(MoS2,250)",MoS2,250
"(MoOS5,72);(MoS4,2);(MoOS5,2)","(MoS6,481)",MoS6,"(MoS2, 74)",MoS2,74
"(MoS4,4);(MoS5,12);(MoS4,3)","(MoS6,478)",MoS6,"(MoS4, 11)",MoS4,11
"(MoS4,286);(Mo2S9,64);(Mo2S7,254)","(MoS6,465)",MoS6,"(MoS2,500)",MoS2,500
"(Mo2S5,25);(MoOS4,9);(MoOS7,11)","(MoS6,477)",MoS6,"(Mo3S12, 45)",Mo3S12,45
"(MoOS2,16);(MoS,68);(MoS3,234)","(MoS5,28)",MoS5,"(MoOS, 142)",MoOS,142
"(MoS5,3);(MoS4,62);(MoS3,19)","(MoS5,36)",MoS5,"(MoS2, 23)",MoS2,23
"(MoS3,23);(MoS5,411);(MoOS6,3)","(MoS5,10)",MoS5,"(MoOS2, 300)",MoOS2,300
"(MoS2,40);(MoS5,1);(MoS3,300)","(MoS5,18)",MoS5,"(MoS2, 40)",MoS2,40
"(MoS3,182);(MoOS4,8);(MoS3,34)","(MoS5,13)",MoS5,"(MoS3,182)",MoS3,182
"(MoS3,2);(MoS5,3);(MoS3,72)","(MoS5,71)",MoS5,"(MoS4,25)",MoS4,25
"(MoS3,186);(MoOS4,2);(MoS3,301)","(MoS5,63)",MoS5,"(MoOS4,1208)",MoOS4,1208
"(MoOS5,4);(MoS4,92);(Mo2S10,3)","(MoS5,87)",MoS5,"(Mo2S10,110)",Mo2S10,110
"(MoS3,55);(Mo2S10,13);(Mo2S7,32)","(MoS5,98)",MoS5,"(Mo2S9, 27)",Mo2S9,27
"(MoS3,34);(MoS5,328);(MoO2S5,4)","(MoS5,101)",MoS5,"(MoO2S5, 332)",MoO2S5,332
"(MoOS,29);(MoS4,23);(Mo2S10,1)","(MoS5,123)",MoS5,"(MoOS,29)",MoOS,29
"(MoOS5,30);(MoS5,147);(MoO2S4,3)","(MoS5,124)",MoS5,"(MoO2S4,42)",MoO2S4,42
"(MoS4,212);(Mo2S5,117);(MoS3,7)","(MoS5,153)",MoS5,"(Mo2S6,35)",Mo2S6,35
"(MoS3,103);(MoS5,6);(MoS3,460)","(MoS5,154)",MoS5,"(MoS4,500)",MoS4,500
"(MoS2,41);(MoS4,1);(MoS3,200)","(MoS5,131)",MoS5,"(MoS2,41)",MoS2,41
"(MoOS2,3);(MoS,10);(MoS3,105)","(MoS5,161)",MoS5,"(MoS3, 105)",MoS3,105
"(MoS4,5);(MoS5,15);(MoOS5,16)","(MoS5,157)",MoS5,"(MoS4,5)",MoS4,5
"(MoOS4,2);(MoOS2,129);(MoS3,270)","(MoS5,194)",MoS5,"(MoOS2,129)",MoOS2,129
"(MoS5,19);(Mo2S8,44);(Mo2S10,14)","(MoS5,181)",MoS5,"(Mo2S6, 23)",Mo2S6,23
"(MoS3,367);(MoS5,397);(MoOS6,5)","(MoS5,183)",MoS5,"(MoS2,1000)",MoS2,1000
"(MoS4,1);(MoS5,1);(MoS3,336)","(MoS5,207)",MoS5,"(Mo4S6, 1000)",Mo4S6,1000
"(MoS3,209);(MoS5,33);(MoS3,11)","(MoS5,216)",MoS5,"(MoS2, 50)",MoS2,50
"(MoS5,6);(MoS4,1);(MoS3,184)","(MoS5,251)",MoS5,"(MoS2,36)",MoS2,36
"(MoS4,2);(Mo2S8,14);(MoS3,206)","(MoS5,235)",MoS5,"(MoS4,206)",MoS4,206
"(MoS2,375);(MoS4,211);(MoS3,1)","(MoS5,208)",MoS5,"(MoS4,211)",MoS4,211
"(MoS4,84);(MoS5,1);(MoS3,70)","(MoS5,296)",MoS5,"(MoS4, 84)",MoS4,84
"(MoS3,133);(MoOS4,5);(MoS3,87)","(MoS5,260)",MoS5,"(MoS3,133)",MoS3,133
"(MoS3,69);(MoOS4,83);(MoS3,183)","(MoS5,290)",MoS5,"(MoS3, 69)",MoS3,69
"(MoS3,145);(MoS5,1);(Mo2S6,3)","(MoS5,261)",MoS5,"(MoS4,180)",MoS4,180
"(MoS,48);(MoOS2,6);(MoS3,102)","(MoS5,296)",MoS5,"(MoS2, 24)",MoS2,24
"(MoS2,201);(MoS4,1);(Mo2S7,2)","(MoS5,304)",MoS5,"(Mo4S10, 35)",Mo4S10,35
"(MoOS6,13);(MoS5,2);(MoOS6,14)","(MoS5,323)",MoS5,"(MoOS2,23)",MoOS2,23
"(MoOS2,4);(MoS,15);(MoS3,321)","(MoS5,307)",MoS5,"(MoOS2,64)",MoOS2,64
"(MoS2,399);(MoS4,18);(MoS3,123)","(MoS5,345)",MoS5,"(MoS3,123)",MoS3,123
"(MoOS3,18);(MoS2,30);(MoS3,299)","(MoS5,306)",MoS5,"(MoS2,100)",MoS2,100
"(MoS3,133);(MoS5,9);(MoS3,75)","(MoS5,363)",MoS5,"(MoS4,50)",MoS4,50
"(MoS3,209);(MoS5,20);(MoS3,129)","(MoS5,359)",MoS5,"(MoS4,100)",MoS4,100
"(MoO2S5,5);(MoS5,5);(MoO2S5,6)","(MoS5,382)",MoS5,"(MoO2S5,13)",MoO2S5,13
"(MoS3,58);(MoS2,2);(MoS3,199)","(MoS5,389)",MoS5,"(MoS2,200)",MoS2,200
"(MoS3,91);(MoS5,33);(MoS3,367)","(MoS5,397)",MoS5,"(MoS3,91)",MoS3,91
"(MoS3,256);(MoS5,11);(MoS3,203)","(MoS5,430)",MoS5,"(MoS2,180)",MoS2,180
"(MoO2S5,5);(MoS5,2);(MoO2S5,6)","(MoS5,448)",MoS5,"(MoO2S5,14)",MoO2S5,14
"(MoOS,72);(MoOS3,42);(Mo2S5,447)","(MoS5,406)",MoS5,"(Mo2S6,612)",Mo2S6,612
"(MoO2S5,4);(MoS5,101);(MoOS6,3)","(MoS5,430)",MoS5,"(MoS4, 105)",MoS4,105
"(MoS5,82);(Mo2S9,1);(MoS3,23)","(MoS5,411)",MoS5,"(Mo2S8,100)",Mo2S8,100
"(MoS2,70);(Mo2S7,26);(Mo2S9,9)","(MoS5,490)",MoS5,"(MoS3,85)",MoS3,85
"(Mo2S6,3);(Mo2S7,18);(MoS2,65)","(MoS5,456)",MoS5,"(Mo2S4,75)",Mo2S4,75
"(MoS3,76);(MoS5,83);(Mo2S9,3)","(MoS5,491)",MoS5,"(Mo4S12, 120)",Mo4S12,120
"(MoS3,5);(MoOS4,58);(MoOS6,2)","(MoS5,493)",MoS5,"(MoOS6,58)",MoOS6,58
"(MoS2,79);(Mo2S6,18);(Mo2S9,2)","(MoS5,495)",MoS5,"(Mo2S9,2)",Mo2S9,2
"(MoS2,59);(MoS4,14);(MoS2,24)","(MoS4,25)",MoS4,"(MoS4,47)",MoS4,47
"(MoOS,79);(MoOS3,2);(MoS2,2)","(MoS4,13)",MoS4,"(MoOS2,82)",MoOS2,82
"(MoOS,2);(MoOS3,3);(MoS2,94)","(MoS4,53)",MoS4,"(MoOS2,65)",MoOS2,65
"(MoS2,6);(Mo2S5,9);(MoS2,5)","(MoS4,15)",MoS4,"(Mo4S8,14)",Mo4S8,14
"(Mo2S7,6);(Mo2S6,38);(Mo2S8,5)","(MoS4,42)",MoS4,"(Mo2S7, 6)",Mo2S7,6
"(MoS2,22);(MoS4,4);(MoS2,87)","(MoS4,93)",MoS4,"(MoS4,109)",MoS4,109
"(MoOS4,5);(MoS3,101);(MoS5,39)","(MoS4,107)",MoS4,"(MoS4,55)",MoS4,55
"(MoS3,94);(MoS5,5);(MoS3,227)","(MoS4,86)",MoS4,"(MoS2,500)",MoS2,500
"(MoS,22);(MoS3,31);(MoS5,5)","(MoS4,95)",MoS4,"(MoS3, 25)",MoS3,25
"(MoS2,1);(MoS3,5);(MoS5,3)","(MoS4,62)",MoS4,"(MoS2,9)",MoS2,9
"(MoS2,34);(MoOS3,4);(MoS2,61)","(MoS4,121)",MoS4,"(MoS2, 109)",MoS2,109
"(MoOS5,18);(MoS4,3);(MoOS5,6)","(MoS4,118)",MoS4,"(MoOS2,34)",MoOS2,34
"(MoS5,106);(Mo2S9,6);(Mo2S7,106)","(MoS4,108)",MoS4,"(Mo2S7,106)",Mo2S7,106
"(MoS3,85);(MoS4,3);(MoS2,215)","(MoS4,110)",MoS4,"(MoS3,85)",MoS3,85
"(MoOS3,43);(MoS4,5);(MoOS5,9)","(MoS4,121)",MoS4,"(MoOS4,48)",MoOS4,48
"(MoS2,108);(MoOS3,2);(MoS2,72)","(MoS4,160)",MoS4,"(MoS3, 128)",MoS3,128
"(MoS,3);(MoOS2,14);(MoS2,238)","(MoS4,191)",MoS4,"(MoS2,238)",MoS2,238
"(MoOS,353);(MoO2,202);(MoOS,80)","(MoS4,184)",MoS4,"(MoO2S2,1804)",MoO2S2,1804
"(MoS2,42);(MoS4,9);(MoS2,8)","(MoS4,188)",MoS4,"(MoS4,50)",MoS4,50
"(MoOS,2);(MoOS2,12);(MoS2,45)","(MoS4,205)",MoS4,"(MoS3,25)",MoS3,25
"(MoS2,126);(MoS4,13);(MoS2,9)","(MoS4,251)",MoS4,"(MoS2, 45)",MoS2,45
"(Mo2S7,61);(MoS4,434);(MoOS7,2)","(MoS4,216)",MoS4,"(MoOS7,134)",MoOS7,134
"(MoS2,17);(MoOS3,2);(MoS2,113)","(MoS4,227)",MoS4,"(MoS4, 127)",MoS4,127
"(MoOS5,16);(MoS4,1);(Mo2S9,6)","(MoS4,213)",MoS4,"(MoOS5, 50)",MoOS5,50
"(Mo2S9,8);(Mo2S7,279);(MoS3,11)","(MoS4,243)",MoS4,"(Mo2S6, 500)",Mo2S6,500
"(MoO2S2,10);(MoS2,2);(MoO2S2,16)","(MoS4,272)",MoS4,"(MoO2S2,22)",MoO2S2,22
"(MoS4,121);(MoS5,2);(Mo2S10,1)","(MoS4,294)",MoS4,"(Mo2S11, 15)",Mo2S11,15
"(Mo2S6,10);(MoS3,3);(Mo2S6,710)","(MoS4,297)",MoS4,"(Mo2S6,10)",Mo2S6,10
"(Mo2S8,1);(MoS5,3);(Mo2S8,10)","(MoS4,256)",MoS4,"(Mo2S8,22)",Mo2S8,22
"(MoS,116);(MoS3,51);(MoS5,1)","(MoS4,303)",MoS4,"(MoS2,53)",MoS2,53
"(MoS2,77);(MoS4,4);(MoS2,173)","(MoS4,340)",MoS4,"(MoS4,181)",MoS4,181
"(MoS2,210);(Mo2S6,33);(Mo2S8,7)","(MoS4,310)",MoS4,"(Mo3S9, 7)",Mo3S9,7
"(MoS2,2);(MoOS3,49);(MoOS5,1)","(MoS4,339)",MoS4,"(MoOS4, 2)",MoOS4,2
"(MoS2,2);(MoOS3,37);(MoS2,162)","(MoS4,312)",MoS4,"(MoOS3,37)",MoOS3,37
"(MoS,82);(MoS3,112);(MoS2,278)","(MoS4,312)",MoS4,"(MoS2,500)",MoS2,500
"(MoOS2,33);(MoOS3,43);(MoOS5,2)","(MoS4,356)",MoS4,"(MoOS4,45)",MoOS4,45
"(MoS3,1);(MoOS3,8);(Mo2S6,27)","(MoS4,361)",MoS4,"(MoS2, 35)",MoS2,35
"(MoOS5,5);(MoS4,2);(MoOS5,10)","(MoS4,366)",MoS4,"(MoS2,20)",MoS2,20
"(Mo2S6,127);(Mo2S8,12);(Mo2S10,1)","(MoS4,398)",MoS4,"(Mo2S12, 13)",Mo2S12,13
"(MoS2,2);(MoOS3,13);(MoOS,216)","(MoS4,382)",MoS4,"(MoS3,201)",MoS3,201
"(MoS2,2);(MoOS3,158);(MoOS5,1)","(MoS4,431)",MoS4,"(MoS3, 158)",MoS3,158
"(MoS2,9);(MoOS3,38);(MoS2,20)","(MoS4,417)",MoS4,"(MoS4, 45)",MoS4,45
"(MoS2,95);(MoS4,17);(MoS2,43)","(MoS4,408)",MoS4,"(MoS2, 95)",MoS2,95
"(MoS2,168);(MoOS3,2);(MoS2,59)","(MoS4,406)",MoS4,"(MoS3, 169)",MoS3,169
"(MoOS5,9);(MoS4,143);(MoOS5,7)","(MoS4,412)",MoS4,"(MoOS3,90)",MoOS3,90
"(MoS2,119);(MoS4,59);(MoS2,74)","(MoS4,468)",MoS4,"(MoS4, 123)",MoS4,123
"(Mo2S9,25);(MoS5,4);(Mo2S9,10)","(MoS4,493)",MoS4,"(Mo2S9, 35)",Mo2S9,35
"(MoS2,105);(MoOS3,6);(MoS2,21)","(MoS4,458)",MoS4,"(MoS4, 28)",MoS4,28
"(MoS4,24);(Mo2S8,18);(Mo2S6,8)","(MoS4,497)",MoS4,"(Mo3S12,32)",Mo3S12,32
"(MoOS3,198);(MoS2,4);(MoOS3,15)","(MoS4,498)",MoS4,"(MoOS3,133)",MoOS3,133
"(MoS,3);(MoOS2,304);(MoOS4,2)","(MoS3,44)",MoS3,"(MoOS2,304)",MoOS2,304
"(MoS,76);(MoOS2,41);(MoOS4,2)","(MoS3,42)",MoS3,"(MoOS4,200)",MoOS4,200
"(MoS,2);(MoOS2,11);(MoS,36)","(MoS3,11)",MoS3,"(MoOS2, 44)",MoOS2,44
"(MoOS4,4);(MoS3,61);(MoOS4,6)","(MoS3,26)",MoS3,"(MoS4,75)",MoS4,75
"(MoO,38);(MoOS2,1);(MoS,99)","(MoS3,13)",MoS3,"(MoS2,142)",MoS2,142
"(MoOS3,26);(MoS3,121);(MoOS3,15)","(MoS3,91)",MoS3,"(MoOS3, 141)",MoOS3,141
"(MoOS4,12);(MoS3,205);(MoS5,7)","(MoS3,68)",MoS3,"(MoOS5,110)",MoOS5,110
"(MoOS4,9);(MoS3,95);(MoOS4,4)","(MoS3,105)",MoS3,"(MoS4,25)",MoS4,25
"(MoOS3,9);(MoS4,1);(MoS,22)","(MoS3,82)",MoS3,"(MoS2,23)",MoS2,23
"(MoOS,309);(MoOS2,19);(MoOS4,8)","(MoS3,105)",MoS3,"(MoOS4,42)",MoOS4,42
"(MoOS4,3);(MoS3,4);(MoOS4,2)","(MoS3,132)",MoS3,"(MoOS4,5)",MoOS4,5
"(MoS5,4);(MoS3,88);(MoS5,2)","(MoS3,116)",MoS3,"(MoS3,136)",MoS3,136
"(MoOS4,4);(Mo2S6,9);(MoS4,3)","(MoS3,128)",MoS3,"(Mo2S6, 16)",Mo2S6,16
"(MoO,48);(MoOS2,3);(MoS,12)","(MoS3,121)",MoS3,"(MoS2,21)",MoS2,21
"(MoOS2,31);(MoS3,97);(MoS5,34)","(MoS3,151)",MoS3,"(MoOS2,100)",MoOS2,100
"(MoS3,30);(MoOS2,39);(MoOS4,15)","(MoS3,164)",MoS3,"(MoOS4,15)",MoOS4,15
"(MoS,33);(MoOS2,5);(MoS,3)","(MoS3,158)",MoS3,"(MoOS2,53)",MoOS2,53
"(MoS3,44);(MoS5,82);(MoO2S5,3)","(MoS3,192)",MoS3,"(MoO3S6, 65)",MoO3S6,65
"(MoS2,70);(Mo2S6,28);(MoS4,37)","(MoS3,193)",MoS3,"(MoS4,37)",MoS4,37
"(MoOS,6);(MoOS2,11);(MoS,94)","(MoS3,199)",MoS3,"(MoS3, 22)",MoS3,22
"(MoS,2);(MoOS2,52);(MoOS4,2)","(MoS3,209)",MoS3,"(MoOS6,2)",MoOS6,2
"(MoO,1);(MoOS2,2);(MoS,224)","(MoS3,248)",MoS3,"(MoS2,270)",MoS2,270
"(MoS2,92);(MoS4,249);(Mo2S6,35)","(MoS3,231)",MoS3,"(Mo2S6, 35)",Mo2S6,35
"(Mo2S7,19);(MoS3,39);(MoOS4,2)","(MoS3,208)",MoS3,"(MoOS4,47)",MoOS4,47
"(MoS,51);(MoS3,258);(MoS5,46)","(MoS3,232)",MoS3,"(MoS2,100)",MoS2,100
"(MoS,42);(MoS3,129);(MoS5,3)","(MoS3,302)",MoS3,"(MoS3, 86)",MoS3,86
"(Mo2S6,3);(MoS3,195);(MoS5,73)","(MoS3,299)",MoS3,"(Mo2S5, 110)",Mo2S5,110
"(MoOS3,3);(MoS2,75);(MoS4,47)","(MoS3,285)",MoS3,"(MoOS3,3)",MoOS3,3
"(MoOS,13);(MoOS2,40);(MoOS4,7)","(MoS3,285)",MoS3,"(MoO2S2, 50)",MoO2S2,50
"(MoS,38);(MoOS2,2);(MoS,51)","(MoS3,258)",MoS3,"(MoOS2,109)",MoOS2,109
"(Mo2S6,5);(Mo2S8,9);(Mo2S5,22)","(MoS3,308)",MoS3,"(Mo2S9,30)",Mo2S9,30
"(MoO,185);(MoOS2,1);(MoS,13)","(MoS3,326)",MoS3,"(MoOS2, 85)",MoOS2,85
"(MoOS2,1);(MoS3,160);(MoS5,51)","(MoS3,319)",MoS3,"(MoOS2,1)",MoOS2,1
"(MoS2,42);(MoOS2,1);(MoS,1)","(MoS3,339)",MoS3,"(MoOS2, 43)",MoOS2,43
"(MoS4,76);(Mo2S7,1);(MoS5,12)","(MoS3,319)",MoS3,"(Mo3S8, 91)",Mo3S8,91
"(MoO,73);(MoOS2,2);(MoS,28)","(MoS3,391)",MoS3,"(MoS2,41)",MoS2,41
"(MoS5,2);(MoS3,83);(MoS5,6)","(MoS3,370)",MoS3,"(Mo2S6,46)",Mo2S6,46
"(MoS,2);(MoOS2,4);(MoS,41)","(MoS3,369)",MoS3,"(MoOS2,21)",MoOS2,21
"(MoS5,9);(MoS3,38);(MoOS4,13)","(MoS3,394)",MoS3,"(MoOS6, 23)",MoOS6,23
"(MoS2,15);(MoS,9);(MoOS3,3)","(MoS3,356)",MoS3,"(MoOS3,33)",MoOS3,33
"(MoOS4,13);(MoS3,56);(MoS5,9)","(MoS3,425)",MoS3,"(MoOS4,100)",MoOS4,100
"(MoS,93);(MoOS2,34);(MoS,42)","(MoS3,429)",MoS3,"(MoOS2, 115)",MoOS2,115
"(MoOS,68);(MoOS2,2);(MoS,136)","(MoS3,428)",MoS3,"(MoS2,168)",MoS2,168
"(MoOS,60);(MoOS3,5);(MoS2,33)","(MoS3,440)",MoS3,"(MoOS2,48)",MoOS2,48
"(MoOS2,61);(MoS3,88);(MoS5,7)","(MoS3,445)",MoS3,"(MoOS2,61)",MoOS2,61
"(MoS2,1);(MoS3,221);(MoS5,13)","(MoS3,456)",MoS3,"(MoS4, 110)",MoS4,110
"(MoO2S,8);(MoS3,38);(MoO2S,2)","(MoS3,477)",MoS3,"(MoOS, 48)",MoOS,48
"(MoS5,8);(MoS3,103);(MoS5,6)","(MoS3,460)",MoS3,"(Mo4S10,70)",Mo4S10,70
"(MoS4,88);(Mo2S6,28);(MoS2,111)","(MoS3,483)",MoS3,"(Mo2S4,101)",Mo2S4,101
"(MoS,251);(MoOS2,2);(MoS,254)","(MoS3,465)",MoS3,"(MoOS2,265)",MoOS2,265
"(MoOS3,2);(MoS2,116);(MoOS3,4)","(MoS2,52)",MoS2,"(MoS2,120)",MoS2,120
"(Mo2S7,2);(Mo2S5,26);(MoS3,3)","(MoS2,17)",MoS2,"(Mo2S6,23)",Mo2S6,23
"(MoS2,2);(Mo,1);(MoS,1)","(MoS2,24)",MoS2,"(MoS2,5)",MoS2,5
"(MoOS3,1);(MoS2,2);(MoS4,15)","(MoS2,53)",MoS2,"(MoOS3,11)",MoOS3,11
"(MoOS3,7);(MoS2,50);(MoS4,6)","(MoS2,40)",MoS2,"(MoOS3,7)",MoOS3,7
"(MoS4,39);(MoS3,67);(MoS4,1)","(MoS2,90)",MoS2,"(MoS4,39)",MoS4,39
"(MoS4,1);(MoS3,3);(Mo2S6,7)","(MoS2,101)",MoS2,"(MoS2,5)",MoS2,5
"(MoS5,2);(MoS3,63);(MoS4,5)","(MoS2,83)",MoS2,"(MoS4,10)",MoS4,10
"(MoOS2,2);(MoS,18);(MoS3,1)","(MoS2,63)",MoS2,"(MoOS2,35)",MoOS2,35
"(MoOS4,1);(MoOS,25);(MoOS3,7)","(MoS2,61)",MoS2,"(MoOS2,Time)
It's not possible to determine the exact time without more information, but based on previous examples, it's likely that the resulting molecule will be MoOS2.",,
"(MoS3,6);(MoS,4);(MoS3,55)","(MoS2,118)",MoS2,"(MoS2,23)",MoS2,23
"(MoS,4);(MoS2,32);(MoS3,7)","(MoS2,156)",MoS2,"(MoS3, 47)",MoS3,47
"(MoS3,24);(MoOS,132);(MoOS3,4)","(MoS2,121)",MoS2,"(MoOS3,68)",MoOS3,68
"(MoOS5,6);(MoS4,88);(Mo2S6,28)","(MoS2,111)",MoS2,"(Mo2S6, 28)",Mo2S6,28
"(MoOS2,1);(MoS,41);(MoS3,11)","(MoS2,139)",MoS2,"(MoS3,100)",MoS3,100
"(MoOS3,6);(MoS2,13);(MoS,166)","(MoS2,185)",MoS2,"(MoOS3,100)",MoOS3,100
"(MoS4,20);(MoS2,10);(MoOS3,9)","(MoS2,169)",MoS2,"(MoS4,30)",MoS4,30
"(MoS2,48);(MoOS2,10);(MoOS3,64)","(MoS2,167)",MoS2,"(MoS3,142)",MoS3,142
"(MoO,4);(MoOS,179);(MoOS3,8)","(MoS2,165)",MoS2,"(MoOS3,8)",MoOS3,8
"(MoOS3,2);(MoS2,154);(MoS4,15)","(MoS2,164)",MoS2,"(MoOS4,15)",MoOS4,15
"(MoS4,2);(MoS2,99);(Mo2S6,53)","(MoS2,244)",MoS2,"(Mo2S9, 68)",Mo2S9,68
"(MoS3,5);(MoS5,2);(MoS3,31)","(MoS2,240)",MoS2,"(MoS2,36)",MoS2,36
"(MoOS3,7);(MoS2,6);(MoOS3,76)","(MoS2,223)",MoS2,"(MoOS3, 88)",MoOS3,88
"(MoO,156);(MoOS,4);(Mo,44)","(MoS2,211)",MoS2,"(MoOS,180)",MoOS,180
"(MoOS3,19);(MoOS5,1);(MoS4,50)","(MoS2,208)",MoS2,"(MoOS3,19)",MoOS3,19
"(MoOS3,5);(MoS2,75);(MoOS3,7)","(MoS2,291)",MoS2,"(MoS2,82)",MoS2,82
"(MoOS3,28);(MoS2,2);(MoOS3,44)","(MoS2,297)",MoS2,"(MoOS3,28)",MoOS3,28
"(MoS3,285);(MoS5,20);(MoS4,2)","(MoS2,290)",MoS2,"(MoS2,50)",MoS2,50
"(MoO,146);(MoOS,275);(MoOS3,2)","(MoS2,276)",MoS2,"(MoS2,360)",MoS2,360
"(MoOS2,187);(MoS,2);(MoOS2,68)","(MoS2,302)",MoS2,"(MoS2,195)",MoS2,195
"(MoOS4,3);(MoS3,172);(MoOS,27)","(MoS2,307)",MoS2,"(MoOS2,90)",MoOS2,90
"(Mo2S6,1);(MoS2,104);(MoS4,3)","(MoS2,323)",MoS2,"(Mo2S4,109)",Mo2S4,109
"(MoOS3,29);(MoS2,4);(MoOS3,32)","(MoS2,316)",MoS2,"(MoOS3, 45)",MoOS3,45
"(MoO,1);(MoOS,317);(MoOS3,6)","(MoS2,332)",MoS2,"(MoOS3, 6)",MoOS3,6
"(MoS4,14);(MoS2,60);(MoS4,3)","(MoS2,339)",MoS2,"(MoS2,100)",MoS2,100
"(MoOS3,15);(MoS2,166);(MoOS3,7)","(MoS2,399)",MoS2,"(MoS2,173)",MoS2,173
"(MoOS2,2);(MoS,14);(MoS3,7)","(MoS2,378)",MoS2,"(MoOS3, 21)",MoOS3,21
"(Mo,2);(MoOS,6);(Mo,58)","(MoS2,382)",MoS2,"(MoOS3, 22)",MoOS3,22
"(MoOS3,6);(MoS2,19);(MoS4,18)","(MoS2,398)",MoS2,"(MoOS4,22)",MoOS4,22
"(MoOS3,2);(MoS2,239);(MoOS,72)","(MoS2,376)",MoS2,"(MoOS2,55)",MoOS2,55
"(MoS,1);(MoS2,219);(MoOS3,4)","(MoS2,422)",MoS2,"(MoS2,219)",MoS2,219
"(MoOS3,48);(MoOS2,21);(MoOS3,4)","(MoS2,420)",MoS2,"(MoS2,73)",MoS2,73
"(MoOS,200);(MoOS2,3);(MoOS3,15)","(MoS2,421)",MoS2,"(MoOS4,35)",MoOS4,35
"(MoS3,5);(MoS2,60);(MoS4,8)","(MoS2,423)",MoS2,"(MoS2, 65)",MoS2,65
"(Mo2S5,64);(Mo2S7,2);(MoS4,1)","(MoS2,418)",MoS2,"(Mo2S8, 50)",Mo2S8,50
"(MoS2,4);(MoS4,78);(Mo2S6,1)","(MoS2,464)",MoS2,"(Mo2S6,80)",Mo2S6,80
"(MoS,22);(MoS3,214);(MoS4,1)","(MoS2,488)",MoS2,"(MoS4,1)",MoS4,1
"(MoS2,1);(MoS3,91);(MoOS3,1)","(MoS2,472)",MoS2,"(MoS3,91)",MoS3,91
"(Mo2S5,2);(MoS2,134);(MoOS3,5)","(MoS2,460)",MoS2,"(Mo4S6, 150)",Mo4S6,150
"(MoOS3,17);(MoS2,55);(MoS4,14)","(MoS2,480)",MoS2,"(MoS3, 65)",MoS3,65
"(MoS,2);(MoOS2,205);(MoOS,4)","(MoS,29)",MoS,"(MoOS2, 201)",MoOS2,201
"(MoOS4,2);(MoS3,158);(MoS2,2)","(MoS,29)",MoS,"(MoOS4,200)",MoOS4,200
"(Mo2S8,162);(Mo2S7,191);(MoOS5,3)","(MoS,36)",MoS,"(Mo4S10, 45)",Mo4S10,45
"(MoS3,3);(MoS,189);(MoOS2,2)","(MoS,34)",MoS,"(Mo4O12S4,98)",Mo4O12S4,98
"(MoO3,6);(MoO,25);(MoOS2,2)","(MoS,45)",MoS,"(MoOS2,35)",MoOS2,35
"(MoOS,181);(MoS3,13);(MoS4,74)","(MoS,106)",MoS,"(MoS2, 120)",MoS2,120
"(MoOS2,16);(MoS,152);(MoS3,3)","(MoS,76)",MoS,"(MoOS2, 64)",MoOS2,64
"(MoOS2,2);(MoO,32);(MoOS2,11)","(MoS,61)",MoS,"(MoOS2,19)",MoOS2,19
"(MoOS2,1);(MoS,2);(MoS3,7)","(MoS,74)",MoS,"(MoOS2,4)",MoOS2,4
"(MoOS2,3);(MoS,14);(MoS3,4)","(MoS,60)",MoS,"(MoOS2,3)",MoOS2,3
"(MoS2,1);(MoS,1);(MoOS2,2)","(MoS,140)",MoS,"(MoOS2,4)",MoOS2,4
"(MoO,3);(MoOS2,3);(MoS2,1)","(MoS,118)",MoS,"(MoS2,7)",MoS2,7
"(MoOS3,9);(MoS2,70);(MoOS2,2)","(MoS,136)",MoS,"(MoS2,85)",MoS2,85
"(MoO2,9);(MoO,31);(MoOS2,19)","(MoS,136)",MoS,"(MoOS2,19)",MoOS2,19
"(MoO2,25);(MoO,90);(MoOS2,10)","(MoS,149)",MoS,"(MoOS2, 100)",MoOS2,100
"(MoOS2,2);(MoS,37);(MoOS2,3)","(MoS,189)",MoS,"(MoOS2,50)",MoOS2,50
"(MoO2S,1);(MoO,161);(MoOS2,7)","(MoS,173)",MoS,"(MoOS2,7)",MoOS2,7
"(MoOS2,22);(MoS,2);(MoOS2,3)","(MoS,167)",MoS,"(MoOS2,25)",MoOS2,25
"(MoOS2,2);(MoS,64);(MoOS2,2)","(MoS,169)",MoS,"(MoS2,72)",MoS2,72
"(MoO2,29);(MoO,20);(MoOS2,5)","(MoS,195)",MoS,"(MoO2S2, 34)",MoO2S2,34
"(MoO2,13);(MoO,18);(MoOS2,8)","(MoS,230)",MoS,"(MoOS2,21)",MoOS2,21
"(MoO2S,35);(MoO,1);(MoOS2,2)","(MoS,224)",MoS,"(MoOS2,34)",MoOS2,34
"(MoO2,3);(MoO,46);(MoOS2,2)","(MoS,221)",MoS,"(MoOS2,50)",MoOS2,50
"(MoS,58);(MoOS2,4);(MoO,1)","(MoS,219)",MoS,"(MoOS2,53)",MoOS2,53
"(MoOS,12);(Mo,27);(MoS2,5)","(MoS,220)",MoS,"(MoOS2,35)",MoOS2,35
"(MoO2S,4);(MoO,10);(MoOS2,8)","(MoS,264)",MoS,"(MoOS2,22)",MoOS2,22
"(MoOS2,3);(MoS,266);(MoOS2,9)","(MoS,258)",MoS,"(MoOS2,38)",MoOS2,38
"(MoO2,5);(MoO,84);(MoOS2,9)","(MoS,294)",MoS,"(MoOS2,34)",MoOS2,34
"(MoOS2,2);(MoS,23);(MoS3,2)","(MoS,293)",MoS,"(MoOS3,25)",MoOS3,25
"(MoOS2,1);(MoS,40);(MoOS2,2)","(MoS,276)",MoS,"(MoOS2,53)",MoOS2,53
"(MoO2,5);(MoO,5);(MoOS2,2)","(MoS,326)",MoS,"(MoOS2,8)",MoOS2,8
"(MoS2,1);(MoS,27);(MoS2,2)","(MoS,306)",MoS,"(MoS2,35)",MoS2,35
"(MoOS2,4);(MoS,23);(MoS3,21)","(MoS,308)",MoS,"(MoS2,25)",MoS2,25
"(MoOS2,19);(MoO,2);(MoOS2,2)","(MoS,339)",MoS,"(MoOS2, 22)",MoOS2,22
"(MoOS,462);(MoOS3,2);(MoOS2,5)","(MoS,334)",MoS,"(MoOS2,35)",MoOS2,35
"(MoO2S3,38);(MoOS2,126);(MoO2S3,1)","(MoS,401)",MoS,"(MoOS2,181)",MoOS2,181
"(MoOS2,2);(MoS,159);(MoOS2,2)","(MoS,353)",MoS,"(MoS2, 161)",MoS2,161
"(MoOS,66);(MoOS3,1);(MoS2,19)","(MoS,353)",MoS,"(MoOS2,100)",MoOS2,100
"(MoS3,5);(MoS,14);(MoS3,5)","(MoS,395)",MoS,"(MoS3,20)",MoS3,20
"(MoOS2,87);(MoS,38);(MoOS2,3)","(MoS,355)",MoS,"(MoS2,65)",MoS2,65
"(MoS2,87);(MoS4,23);(MoOS4,1)","(MoS,427)",MoS,"(MoOS4,65)",MoOS4,65
"(MoO,36);(MoOS2,3);(MoOS,1)","(MoS,420)",MoS,"(MoS2, 40)",MoS2,40
"(MoOS2,53);(MoO,2);(MoOS2,10)","(MoS,411)",MoS,"(MoOS2,63)",MoOS2,63
"(MoOS2,40);(MoS,10);(MoS2,2)","(MoS,423)",MoS,"(MoOS2,72)",MoOS2,72
"(MoOS2,3);(MoS,55);(MoS3,6)","(MoS,450)",MoS,"(MoOS3,70)",MoOS3,70
"(MoOS2,58);(MoS,522);(MoOS2,5)","(MoS,496)",MoS,"(MoOS2,58)",MoOS2,58
"(MoO2,5);(MoO,2);(MoO2,3)","(MoO,33)",MoO,"(MoO3,10)",MoO3,10
"(MoOS2,2);(MoS,35);(MoOS2,33)","(MoO,12)",MoO,"(MoOS2,33)",MoOS2,33
"(MoO2,67);(MoO,2);(MoO2,6)","(MoO,10)",MoO,"(MoS2,1150)",MoS2,1150
"(MoO,2);(MoOS2,1);(MoO2S2,11)","(MoO,35)",MoO,"(MoOS2,14)",MoOS2,14
"(MoO2,32);(MoO,2);(MoO2,5)","(MoO,54)",MoO,"(MoO3,14)",MoO3,14
"(MoO2S,1);(MoO,51);(MoOS2,4)","(MoO,72)",MoO,"(MoOS2,55)",MoOS2,55
"(MoO3,5);(MoO2,19);(MoO2S,10)","(MoO,71)",MoO,"(MoO2S2,25)",MoO2S2,25
"(MoS,30);(MoOS,5);(MoS,2)","(MoO,59)",MoO,"(MoOS2,35)",MoOS2,35
"(MoO2S,1);(MoO,51);(MoOS2,4)","(MoO,72)",MoO,"(MoOS2,14)",MoOS2,14
"(MoO2,7);(MoO,2);(MoO2,6)","(MoO,89)",MoO,"(MoO2-S2-MoO2, 14)",MoO2,14
"(MoO2,11);(MoO,2);(MoO2,8)","(MoO,151)",MoO,"(MoO2,50)",MoO2,50
"(MoO,81);(MoS,100);(MoOS2,5)","(MoO,127)",MoO,"(MoS2,120)",MoS2,120
"(MoO2,7);(MoO,4);(MoO2,4)","(MoO,135)",MoO,"(MoO3,14)",MoO3,14
"(MoO2,66);(MoO,45);(MoOS2,3)","(MoO,108)",MoO,"(MoO2S2,201)",MoO2S2,201
"(MoOS2,1);(MoS,29);(MoOS2,4)","(MoO,131)",MoO,"(MoOS2,33)",MoOS2,33
"(MoO2,26);(MoO,2);(MoO2,2)","(MoO,157)",MoO,"(MoO3,38)",MoO3,38
"(Mo,81);(MoO,97);(MoO2S,2)","(MoO,183)",MoO,"(MoO2S2,201)",MoO2S2,201
"(MoS2,2);(MoS,41);(MoOS,1)","(MoO,157)",MoO,"(MoOS2, 42)",MoOS2,42
"(MoO3,8);(MoO,3);(MoO3,7)","(MoO,185)",MoO,"(MoO2,13)",MoO2,13
"(MoO,4);(MoO2,36);(MoO2S,1)","(MoO,161)",MoO,"(MoOS, 100)",MoOS,100
"(MoO,215);(MoO2,185);(MoO2S,1)","(MoO,212)",MoO,"(MoOS2, 1000)",MoOS2,1000
"(MoO2,36);(MoOS2,73);(MoO2S,7)","(MoO,213)",MoO,"(MoOS2, 80)",MoOS2,80
"(MoO2,1);(MoO,208);(MoO2,2)","(MoO,236)",MoO,"(MoS2,201)",MoS2,201
"(MoO2,29);(MoO,2);(MoO2,25)","(MoO,234)",MoO,"(MoO2.S, 34)",S,34
"(MoO2,13);(MoO,2);(MoO2,7)","(MoO,222)",MoO,"(MoS2, 100)",MoS2,100
"(MoO2,82);(MoO,8);(MoO2,5)","(MoO,275)",MoO,"(MoO3,55)",MoO3,55
"(MoO,1);(MoO2,1);(MoO2S,3)","(MoO,292)",MoO,"(MoOS2,4)",MoOS2,4
"(MoS2,378);(MoOS3,27);(MoOS,7)","(MoO,274)",MoO,"(MoOS2, 420)",MoOS2,420
"(MoOS2,1);(MoS,1);(MoS3,141)","(MoO,263)",MoO,"(MoOS3,141)",MoOS3,141
"(MoO2,6);(MoO,3);(MoO2,4)","(MoO,268)",MoO,"(MoO2S2,22)",MoO2S2,22
"(MoO2,310);(MoO2S2,12);(MoOS,66)","(MoO,351)",MoO,"(MoOS2, 88)",MoOS2,88
"(MoO2,21);(MoO,2);(MoO2,11)","(MoO,313)",MoO,"(MoS2, 55)",MoS2,55
"(Mo,2);(MoO,12);(MoO2,21)","(MoO,316)",MoO,"(MoS2, 50)",MoS2,50
"(MoO2,33);(MoO,2);(MoO2,9)","(MoO,342)",MoO,"(MoO3,25)",MoO3,25
"(MoS4,4);(MoS2,6);(MoS,12)","(MoO,351)",MoO,"(MoS2,8)",MoS2,8
"(MoO2,89);(MoO,57);(MoOS2,10)","(MoO,365)",MoO,"(MoO2S2, 141)",MoO2S2,141
"(MoO2,36);(MoO,22);(MoO2,64)","(MoO,398)",MoO,"(MoO3,44)",MoO3,44
"(MoO2,92);(MoO,2);(MoO2,29)","(MoO,375)",MoO,"(MoS2, 100), (MoO2, 50)",MoS2,100
"(MoO2,123);(MoOS,12);(MoS,1)","(MoO,379)",MoO,"(MoO2S2,30)",MoO2S2,30
"(MoOS2,5);(MoO,127);(MoO2S,26)","(MoO,384)",MoO,"(MoOS2,32)",MoOS2,32
"(MoO2,60);(MoO,23);(Mo,14)","(MoO,427)",MoO,"(MoO3,85)",MoO3,85
"(MoO2,32);(MoO,2);(MoO2,6)","(MoO,440)",MoO,"(MoO3,16)",MoO3,16
"(MoO2S,14);(MoO,16);(MoO2S,3)","(MoO,405)",MoO,"(MoO2S,34)",MoO2S,34
"(MoO3,2);(MoO2,8);(MoO2S,1)","(MoO,458)",MoO,"(MoO2S2,15)",MoO2S2,15
"(MoO,2);(MoO2,20);(MoO,21)","(MoO2,39)",MoO2,"(MoO3,25)",MoO3,25
"(MoO,2);(MoO2,18);(MoO,3)","(MoO2,10)",MoO2,"(MoS2,10)",MoS2,10
"(MoO,4);(MoO2,7);(MoO,2)","(MoO2,11)",MoO2,"(MoO2,10)",MoO2,10
"(MoO,25);(MoS,8);(MoOS,4)","(MoO2,15)",MoO2,"(MoS2,32)",MoS2,32
"(MoO,2);(MoO2,16);(MoO3,3)","(MoO2,39)",MoO2,"(MoO4,10)",MoO4,10
"(Mo3O9,4);(MoO2,44);(MoO,3)","(MoO2,103)",MoO2,"(MoO2,50)",MoO2,50
"(Mo,15);(MoOS,34);(MoOS2,31)","(MoO2,79)",MoO2,"(MoOS2, 31)",MoOS2,31
"(MoO,48);(MoO2,1);(MoO3,6)","(MoO2,63)",MoO2,"(MoO2S2, 58)",MoO2S2,58
"(MoO,1);(MoO2,6);(MoO,2)","(MoO2,61)",MoO2,"(MoO2S2, 13)",MoO2S2,13
"(MoO,15);(Mo3O9,12);(MoO3,2)","(MoO2,68)",MoO2,"(Mo2O6,25)",Mo2O6,25
"(MoO2,68);(MoO,1);(MoO2S2,1)","(MoO2,128)",MoO2,"(MoOS2,68)",MoOS2,68
"(MoO2S2,2);(MoOS,57);(MoO2S,4)","(MoO2,148)",MoO2,"(MoO2S,57)",MoO2S,57
"(MoO,6);(MoO2,66);(MoO,3)","(MoO2,149)",MoO2,"(Mo2O4,42)",Mo2O4,42
"(MoO2S2,2);(MoOS,57);(MoO2S,4)","(MoO2,148)",MoO2,"(MoOS2,23)",MoOS2,23
"(MoO2S2,3);(MoO2,53);(MoO,2)","(MoO2,120)",MoO2,"Based on the given input, it appears that the reaction is still ongoing. However, we can make an educated guess about the final product molecule and its duration based on the patterns observed in previous examples.

Given that Mo3O9 reacts with S2, we can assume that the final product molecule will have a core moiety containing both Mo and S. In particular, given the input molecules, it seems likely that the final product will be MoS2, which is a common compound formed by the reaction of molybdenum oxides with sulfur.

As for the corresponding duration, it's difficult to make a precise prediction without more",,
"(MoOS,3);(MoO2,3);(MoO3,2)","(MoO2,194)",MoO2,"(MoOS,14)",MoOS,14
"(MoO,3);(MoO2,3);(MoO,2)","(MoO2,161)",MoO2,"(MoO2,6)",MoO2,6
"(MoOS,248);(MoO2S,17);(MoO,215)","(MoO2,185)",MoO2,"(MoOS2,333)",MoOS2,333
"(MoO2S,3);(MoO2,18);(MoO3,4)","(MoO2,171)",MoO2,"(MoO2S2, 13)",MoO2S2,13
"(MoS,29);(MoS3,10);(MoO,71)","(MoO2,157)",MoO2,"(MoS2,100)",MoS2,100
"(MoOS,9);(MoS,27);(MoOS,10)","(MoO2,210)",MoO2,"(MoS2,36)",MoS2,36
"(MoOS,4);(MoO2,15);(MoO,12)","(MoO2,225)",MoO2,"(MoS2,22)",MoS2,22
"(MoO3,18);(MoO2,618);(MoO3,3)","(MoO2,227)",MoO2,"(Mo2O6,21)",Mo2O6,21
"(MoO2S2,2);(MoO2S,8);(MoO,4)","(MoO2,275)",MoO2,"(MoO2S2,12)",MoO2S2,12
"(MoO2S2,2);(MoS2,4);(MoO2S2,1)","(MoO2,387)",MoO2,"(MoS2,5)",MoS2,5
"(MoO2S2,7);(MoOS,109);(MoO2S2,3)","(MoO2,418)",MoO2,"(MoOS2, 121)",MoOS2,121
"(MoO,5);(MoOS,1);(MoOS2,60)","(MoOS,19)",MoOS,"(MoS2O9,75)",MoS2O9,75
"(MoS2,4);(MoOS,2);(MoS,2)","(MoOS,12)",MoOS,"(MoS2,14)",MoS2,14
"(MoS5,2);(MoS2,98);(MoOS2,1)","(MoOS,34)",MoOS,"(MoOS4,3)",MoOS4,3
"(MoO,3);(MoO2,19);(MoO2S2,2)","(MoOS,27)",MoOS,"(MoO2S2,21)",MoO2S2,21
"(MoS3,67);(MoOS,9);(MoS,27)","(MoOS,10)",MoOS,"(MoS2,33)",MoS2,33
"(MoO2,26);(MoOS,244);(MoOS2,8)","(MoOS,94)",MoOS,"(MoO3, 250)",MoO3,250
"(MoO2,31);(MoO,3);(MoO2,28)","(MoOS,61)",MoOS,"(MoO2,Time)",,
"(MoO3,1);(MoO2,2);(MoO2S2,2)","(MoOS,71)",MoOS,"(MoO2S2,4)",MoO2S2,4
"(MoOS,148);(MoOS5,1);(MoOS3,1)","(MoOS,80)",MoOS,"(MoOS2, 2)",MoOS2,2
"(MoO2,4);(MoO,268);(MoOS2,2)","(MoOS,68)",MoOS,"(MoO2S2,300)",MoO2S2,300
"(MoO2,24);(MoOS,60);(Mo,2)","(MoOS,133)",MoOS,"(MoOS, 60)",MoOS,60
"(MoO3,1);(MoO2,195);(MoO2S2,7)","(MoOS,135)",MoOS,"(MoO2S2,7)",MoO2S2,7
"(MoOS3,21);(MoS2,3);(MoOS3,41)","(MoOS,149)",MoOS,"(MoOS3,21)",MoOS3,21
"(Mo,1);(MoOS,104);(MoO2S2,2)","(MoOS,123)",MoOS,"(MoO3S2,120)",MoO3S2,120
"(Mo,1);(MoO,2);(Mo,4)","(MoOS,121)",MoOS,"(MoO2, 11)",MoO2,11
"(MoOS3,2);(MoOS,103);(MoO2S2,11)","(MoOS,198)",MoOS,"(Mo4O12S4,195)",Mo4O12S4,195
"(MoS,15);(MoOS2,4);(MoOS4,1)","(MoOS,160)",MoOS,"(MoOS4, 16)",MoOS4,16
"(MoO2S2,3);(MoO2,3);(MoO2S2,3)","(MoOS,184)",MoOS,"(MoO2S2,10)",MoO2S2,10
"(MoO2,1);(MoOS,37);(MoO2S2,49)","(MoOS,178)",MoOS,"(MoOS2,64)",MoOS2,64
"(MoO2,194);(MoOS,206);(MoOS3,14)","(MoOS,181)",MoOS,"(MoS2, 120)",MoS2,120
"(MoOS,2);(MoOS3,1);(MoS2,104)","(MoOS,219)",MoOS,"(MoOS2,150)",MoOS2,150
"(MoS,5);(MoOS,29);(MoO2S2,6)","(MoOS,253)",MoOS,"(Mo4O12S4, 35)",Mo4O12S4,35
"(MoO2,1);(MoO,47);(MoO2S,7)","(MoOS,221)",MoOS,"(MoO2S,50)",MoO2S,50
"(MoO,2);(MoO2,4);(MoO,66)","(MoOS,218)",MoOS,"(MoO3,10)",MoO3,10
"(MoS5,6);(MoS3,98);(MoO2S2,19)","(MoOS,228)",MoOS,"(MoS4O, 20)",MoS4O,20
"(Mo,1);(MoOS,11);(MoS,2)","(MoOS,301)",MoOS,"(MoOS2,14)",MoOS2,14
"(MoO2S2,33);(MoOS,86);(MoO2S2,4)","(MoOS,259)",MoOS,"Based on the given input, it appears that the reaction between Mo3O9 and S2 involves the formation of MoO2S2 as an intermediate species, which then reacts further to form MoOS. Given the duration of each step, it can be inferred that the reaction will proceed in the following order:

1. MoO2S2 formation (duration: 33 picoseconds)
2. MoO2S2反应进一步转化为MoOS (duration: 86 pic seconds)

Therefore, the final product molecule is expected to be MoOS, with a total duration of 119 pic秒。",,
"(MoOS3,3);(MoS2,105);(MoOS3,30)","(MoOS,269)",MoOS,"(MoS2,135)",MoS2,135
"(MoOS3,3);(MoOS,78);(MoO2,6)","(MoOS,270)",MoOS,"(Mo4O12S4,126)",Mo4O12S4,126
"(MoS3,86);(MoOS4,3);(MoOS2,51)","(MoOS,287)",MoOS,"(MoOS3, 120)",MoOS3,120
"(MoO,1);(MoO2S2,1);(MoO2,1)","(MoOS,352)",MoOS,"(MoOS2,4)",MoOS2,4
"(MoS4,2);(MoOS5,33);(MoOS3,309)","(MoOS,305)",MoOS,"(MoOS3,309)",MoOS3,309
"(Mo,184);(MoOS,117);(MoOS2,2)","(MoOS,347)",MoOS,"(MoOS2,101)",MoOS2,101
"(MoO2S,2);(MoO,4);(MoO2S,18)","(MoOS,329)",MoOS,"(MoOS,20)",MoOS,20
"(MoO2,2);(Mo3O9S2,6);(MoO2,15)","(MoOS,306)",MoOS,"(Mo3O9S2,25)",Mo3O9S2,25
"(MoOS2,16);(MoOS,46);(MoO2S2,4)","(MoOS,366)",MoOS,"(MoO2S2,4)",MoO2S2,4
"(MoO2S2,53);(MoOS,19);(MoO2S2,4)","(MoOS,393)",MoOS,"Based on the provided input, it appears that the reaction is reaching equilibrium between MoO2S2 and MoOS. Therefore, the most likely reaction product is MoOS, with a corresponding duration of 19 picoseconds.",,
"(MoO2S,48);(Mo,2);(MoO2S,43)","(MoOS,353)",MoOS,"(MoO2S,91)",MoO2S,91
"(MoO2,5);(MoO,105);(MoOS2,2)","(MoOS,353)",MoOS,"(MoOS2,110)",MoOS2,110
"(MoO2S2,4);(MoOS,2);(MoO2S2,5)","(MoOS,391)",MoOS,"(MoOS2,7)",MoOS2,7
"(MoS3,27);(MoS2,60);(MoS3,1)","(MoOS,442)",MoOS,"(MoS2,58)",MoS2,58
"(Mo,1);(MoOS,41);(MoS,2)","(MoOS,438)",MoOS,"(MoS2,64)",MoS2,64
"(MoOS2,28);(MoOS,118);(MoOS2,2)","(MoOS,442)",MoOS,"(MoO2S2,142)",MoO2S2,142
"(MoO,4);(Mo,2);(MoO,3)","(MoOS,425)",MoOS,"(MoS2, 6)",MoS2,6
"(MoOS,49);(MoO2S2,1);(MoO,1)","(MoOS,436)",MoOS,"(MoO2S2,2)",MoO2S2,2
"(MoOS3,10);(MoOS,294);(Mo,2)","(MoOS,454)",MoOS,"(MoOS3,54)",MoOS3,54
"(MoOS3,9);(MoS,12);(MoOS4,2)","(MoOS,477)",MoOS,"(MoOS3,22)",MoOS3,22
"(MoO,86);(MoOS2,26);(MoS,2)","(MoOS2,23)",MoOS2,"(MoS2,110)",MoS2,110
"(MoO,21);(MoOS2,18);(MoS,2)","(MoOS2,41)",MoOS2,"(MoS2,19)",MoS2,19
"(MoO,365);(MoO2S,3);(MoO,17)","(MoOS2,15)",MoOS2,"(MoOS2, 28)",MoOS2,28
"(MoS,49);(MoS3,4);(MoS,11)","(MoOS2,13)",MoOS2,"(MoS2,35)",MoS2,35
"(MoOS4,1);(MoOS2,2);(MoOS4,48)","(MoOS2,26)",MoOS2,"(MoS2,57)",MoS2,57
"(MoS,1);(Mo,1);(MoS2,59)","(MoOS2,80)",MoOS2,"(MoS2, 59)",MoS2,59
"(MoS,3);(MoOS2,45);(MoS,2)","(MoOS2,60)",MoOS2,"(MoOS2,100)",MoOS2,100
"(MoS4,3);(MoOS3,13);(MoS,1)","(MoOS2,70)",MoOS2,"(MoOS4,26)",MoOS4,26
"(MoOS2,5);(MoOS,1);(MoO,1)","(MoOS2,69)",MoOS2,"(MoOS2,10)",MoOS2,10
"(MoOS5,50);(MoOS,46);(MoOS3,26)","(MoOS2,84)",MoOS2,"(MoOS4,100)",MoOS4,100
"(MoOS,7);(Mo,10);(MoS,81)","(MoOS2,112)",MoOS2,"(MoOS2,95)",MoOS2,95
"(MoOS,37);(MoO2S2,49);(MoOS,178)","(MoOS2,129)",MoOS2,"(MoOS2,195)",MoOS2,195
"(MoO2S3,3);(MoOS2,2);(MoO2S3,38)","(MoOS2,126)",MoOS2,"(MoOS2,22)",MoOS2,22
"(MoO2S,60);(MoO,2);(MoO2S,7)","(MoOS2,110)",MoOS2,"(MoO2S,65)",MoO2S,65
"(MoS,2);(MoOS2,14);(MoS,2)","(MoOS2,152)",MoOS2,"(MoOS2, 16)",MoOS2,16
"(MoO2,1);(MoO2S,66);(MoS2,1)","(MoOS2,183)",MoOS2,"(MoS2,67)",MoS2,67
"(MoS,379);(MoOS2,19);(MoOS4,2)","(MoOS2,158)",MoOS2,"(MoOS2, 379)",MoOS2,379
"(MoOS2,12);(MoS3,63);(MoOS4,8)","(MoOS2,173)",MoOS2,"(MoOS4,85)",MoOS4,85
"(MoS5,14);(MoOS2,1);(MoOS,367)","(MoOS2,165)",MoOS2,"(MoS4,500)",MoS4,500
"(MoO2S,5);(MoOS2,157);(MoO2S3,5)","(MoOS2,157)",MoOS2,"(MoO2S2,162)",MoO2S2,162
"(MoO2,79);(MoOS,290);(MoOS3,37)","(MoOS2,211)",MoOS2,"(MoOS2, 370)",MoOS2,370
"(MoS,14);(MoS3,5);(MoS,395)","(MoOS2,206)",MoOS2,"(MoS3, 45)",MoS3,45
"(MoOS2,2);(MoS,41);(MoOS4,1)","(MoOS2,218)",MoOS2,"(MoOS4,41)",MoOS4,41
"(MoO,1);(Mo,7);(MoS2,2)","(MoOS2,219)",MoOS2,"(Mo4O12,23)",Mo4O12,23
"(MoS,2);(MoOS2,31);(MoS,2)","(MoOS2,239)",MoOS2,"(MoOS2, 31)",MoOS2,31
"(MoO,2);(MoOS2,206);(MoOS4,4)","(MoOS2,257)",MoOS2,"(MoOS2,206)",MoOS2,206
"(MoOS2,98);(MoO2S5,14);(MoS2,8)","(MoOS2,273)",MoOS2,"(MoS2,38)",MoS2,38
"(MoOS,3);(MoS2,277);(MoOS3,12)","(MoOS2,296)",MoOS2,"(MoOS2, 50)",MoOS2,50
"(MoOS2,98);(MoO2S5,14);(MoS2,8)","(MoOS2,273)",MoOS2,"(MoOS2,98)",MoOS2,98
"(MoO2S,16);(MoO,2);(MoO2S,214)","(MoOS2,293)",MoOS2,"(MoO2S,220), because the pattern observed in previous examples is that the reaction between Mo3O9 and S2 typically results in the formation of MoO2S with a duration of around 200 pic秒.",MoO2S,220
"(MoOS4,2);(MoS3,203);(MoS2,168)","(MoOS2,350)",MoOS2,"(MoS2,168)",MoS2,168
"(MoS,36);(MoOS2,11);(MoOS4,4)","(MoOS2,349)",MoOS2,"(MoOS2,36)",MoOS2,36
"(MoO2,63);(MoO,226);(MoOS,2)","(MoOS2,308)",MoOS2,"(MoOS2,360)",MoOS2,360
"(MoS,218);(MoOS2,93);(MoOS4,2)","(MoOS2,332)",MoOS2,"(MoOS2,93)",MoOS2,93
"(MoS,6);(MoOS2,7);(MoS,3)","(MoOS2,317)",MoOS2,"(MoOS2, 14)",MoOS2,14
"(MoS,4);(MoOS2,19);(MoS,2)","(MoOS2,396)",MoOS2,"(MoS2,21)",MoS2,21
"(MoS,99);(MoOS2,24);(MoS,2)","(MoOS2,382)",MoOS2,"(MoOS2,101)",MoOS2,101
"(MoOS4,7);(MoS3,4);(MoOS4,25)","(MoOS2,384)",MoOS2,"(MoOS4,42)",MoOS4,42
"(MoOS3,2);(MoOS,6);(MoOS4,1)","(MoOS2,372)",MoOS2,"(MoOS4,7)",MoOS4,7
"(MoS,2);(MoOS2,76);(MoS,2)","(MoOS2,399)",MoOS2,"(MoOS2, 152)",MoOS2,152
"(MoS4,7);(MoS3,1);(MoOS4,10)","(MoOS2,430)",MoOS2,"(MoS4, 17)",MoS4,17
"(MoO2,79);(MoOS,20);(MoOS3,1)","(MoOS2,413)",MoOS2,"(MoO2S2,120)",MoO2S2,120
"(MoOS4,61);(MoS3,2);(MoOS4,5)","(MoOS2,437)",MoOS2,"(MoO2S2,100)",MoO2S2,100
"(MoO,16);(MoOS2,2);(MoO,3)","(MoOS2,403)",MoOS2,"(MoO2S2,11)",MoO2S2,11
"(MoS,27);(MoS3,272);(MoOS4,37)","(MoOS2,411)",MoOS2,"(MoOS4,37)",MoOS4,37
"(MoOS2,1);(MoOS,1);(MoS,192)","(MoOS2,493)",MoOS2,"(MoOS2,192)",MoOS2,192
"(MoO2,164);(MoOS,46);(MoOS3,2)","(MoOS2,499)",MoOS2,"(MoOS3,270)",MoOS3,270
"(MoS2,68);(MoS4,3);(MoS2,39)","(MoOS3,10)",MoOS3,"(MoS4,142)",MoS4,142
"(MoOS2,278);(MoOS3,28);(MoS2,2)","(MoOS3,44)",MoOS3,"(MoOS4, 14)",MoOS4,14
"(MoS2,2);(MoOS3,8);(MoOS5,9)","(MoOS3,30)",MoOS3,"(MoS3,14)",MoS3,14
"(MoS3,16);(MoOS3,35);(MoS3,24)","(MoOS3,37)",MoOS3,"(MoOS3,49)",MoOS3,49
"(MoO3,5);(MoO2,33);(MoOS,23)","(MoOS3,29)",MoOS3,"(MoOS, 56)",MoOS,56
"(MoOS4,112);(MoOS3,19);(MoO2S4,22)","(MoOS3,65)",MoOS3,"(MoOS3,Time)",,
"(MoS2,3);(MoOS3,12);(MoS2,2)","(MoOS3,60)",MoOS3,"(MoS2,10)",MoS2,10
"(MoS2,39);(MoS4,5);(MoS2,175)","(MoOS3,96)",MoOS3,"(MoS4, 180)",MoS4,180
"(MoOS,2);(MoOS3,125);(MoS2,2)","(MoOS3,78)",MoOS3,"(MoOS2,150)",MoOS2,150
"(MoS2,4);(MoOS3,8);(MoS2,2)","(MoOS3,98)",MoOS3,"(MoOS3,10)",MoOS3,10
"(MoOS4,3);(MoS3,137);(MoOS4,3)","(MoOS3,130)",MoOS3,"(MoS4,120)",MoS4,120
"(MoS2,2);(MoOS3,7);(MoS2,3)","(MoOS3,129)",MoOS3,"(MoOS2,5)",MoOS2,5
"(MoS2,2);(MoOS3,129);(MoS2,3)","(MoOS3,150)",MoOS3,"(MoOS4, 95)",MoOS4,95
"(MoS3,84);(MoOS2,12);(MoOS4,16)","(MoOS3,126)",MoOS3,"(MoO3S2, 68)",MoO3S2,68
"(MoOS4,4);(MoS3,41);(Mo2S7,28)","(MoOS3,131)",MoOS3,"(Mo2S7,28)",Mo2S7,28
"(MoOS4,5);(MoOS2,121);(MoOS5,1)","(MoOS3,196)",MoOS3,"(MoOS2,121)",MoOS2,121
"(MoS2,2);(MoOS3,28);(MoS2,2)","(MoOS3,158)",MoOS3,"(MoS3, 32)",MoS3,32
"(MoS2,2);(MoOS3,22);(MoS2,2)","(MoOS3,169)",MoOS3,"(MoS3,30)",MoS3,30
"(MoS2,12);(MoS4,228);(MoOS5,2)","(MoOS3,176)",MoOS3,"(MoOS5,200)",MoOS5,200
"(MoO2S3,63);(MoOS3,32);(MoO2S4,8)","(MoOS3,171)",MoOS3,"(MoS3,65)",MoS3,65
"(MoOS4,3);(MoS3,53);(MoS2,1)","(MoOS3,236)",MoOS3,"(MoOS4,53)",MoOS4,53
"(MoO2S4,3);(MoS4,235);(MoOS5,11)","(MoOS3,215)",MoOS3,"(MoOS5,11)",MoOS5,11
"(MoS5,3);(MoS4,106);(MoOS5,6)","(MoOS3,212)",MoOS3,"(Mo4S10,22)",Mo4S10,22
"(Mo2S7,169);(MoOS5,16);(MoS2,1)","(MoOS3,214)",MoOS3,"(Mo6S8, 100)",Mo6S8,100
"(MoS2,2);(MoOS3,10);(MoS2,2)","(MoOS3,209)",MoOS3,"(MoS3, duration not provided)",,
"(MoS2,2);(MoOS3,508);(MoOS5,6)","(MoOS3,281)",MoOS3,"(MoOS4, 500)",MoOS4,500
"(MoS2,87);(MoS4,93);(MoOS5,1)","(MoOS3,300)",MoOS3,"(MoS4,93)",MoS4,93
"(MoS3,11);(MoOS3,18);(MoS3,10)","(MoOS3,275)",MoOS3,"(MoOS3, 27)",MoOS3,27
"(MoO,6);(MoS2,3);(MoOS5,1)","(MoOS3,257)",MoOS3,"(MoOS2, 8)",MoOS2,8
"(MoS3,11);(MoOS3,18);(MoS3,10)","(MoOS3,275)",MoOS3,"(MoS2,7)",MoS2,7
"(MoS2,2);(MoOS3,72);(MoS3,39)","(MoOS3,315)",MoOS3,"(MoS3,39)",MoS3,39
"(MoOS3,61);(MoOS6,1);(MoOS5,3)","(MoOS3,336)",MoOS3,"(MoOS4, 57)",MoOS4,57
"(MoS2,1);(MoOS3,54);(MoS2,3)","(MoOS3,349)",MoOS3,"(MoOS4, 75)",MoOS4,75
"(MoOS5,24);(MoS4,2);(MoOS5,33)","(MoOS3,309)",MoOS3,"(Mo4O5S4, 60)",Mo4O5S4,60
"(MoOS5,2);(MoOS3,1079);(MoO2S2,2)","(MoOS3,304)",MoOS3,"(MoOS3, 1081)",MoOS3,1081
"(Mo2S7,2);(MoS4,56);(MoOS4,3)","(MoOS3,377)",MoOS3,"(MoOS4,80)",MoOS4,80
"(MoS3,23);(MoOS3,75);(MoS3,30)","(MoOS3,364)",MoOS3,"(MoOS3, 95)",MoOS3,95
"(MoS2,5);(MoOS3,463);(MoS2,2)","(MoOS3,377)",MoOS3,"(MoS3, duration not given)",,
"(MoS2,77);(MoOS3,70);(MoS2,2)","(MoOS3,392)",MoOS3,"(MoS4,100)",MoS4,100
"(MoS2,77);(MoOS3,70);(MoS2,2)","(MoOS3,392)",MoOS3,"(MoS3,100)",MoS3,100
"(MoOS5,7);(MoOS3,128);(MoS3,12)","(MoOS3,408)",MoOS3,"(MoOS2,30)",MoOS2,30
"(MoS2,2);(MoOS3,40);(MoS2,2)","(MoOS3,429)",MoOS3,"(MoS4,60)",MoS4,60
"(MoS2,254);(MoOS3,4);(MoS2,23)","(MoOS3,449)",MoOS3,"(MoS2,277)",MoS2,277
"(MoO2S4,38);(MoOS3,2);(MoO2S4,40)","(MoOS3,441)",MoOS3,"(MoOS3,40)",MoOS3,40
"(MoS3,76);(MoOS4,7);(MoS3,5)","(MoOS3,438)",MoOS3,"(MoOS3,120)",MoOS3,120
"(MoS2,2);(MoOS3,29);(MoO2S4,4)","(MoOS3,455)",MoOS3,"(MoS2,100)",MoS2,100
"(MoS4,8);(MoS2,423);(MoS4,5)","(MoOS3,472)",MoOS3,"(MoS2, 428)",MoS2,428
"(MoS2,2);(MoOS3,22);(MoS2,5)","(MoOS3,463)",MoOS3,"(MoS4,45)",MoS4,45
"(MoO2S2,9);(MoOS,66);(MoS3,3)","(MoOS3,480)",MoOS3,"(MoO2S2,9)",MoO2S2,9
"(MoS3,23);(MoOS4,6);(MoS3,178)","(MoOS4,11)",MoOS4,"(MoOS3,201)",MoOS3,201
"(MoS2,45);(MoS4,1);(MoS3,293)","(MoOS4,31)",MoOS4,"(MoS2, 45)",MoS2,45
"(MoS3,2);(MoOS4,1);(MoOS2,2)","(MoOS4,48)",MoOS4,"(MoS2,5)",MoS2,5
"(MoS3,2);(MoOS4,15);(MoS3,56)","(MoOS4,24)",MoOS4,"(MoOS4,77)",MoOS4,77
"(MoS3,113);(MoS5,4);(MoS3,34)","(MoOS4,33)",MoOS4,"(MoS5,121)",MoS5,121
"(MoS3,2);(MoOS4,42);(MoS3,2)","(MoOS4,74)",MoOS4,"(MoS2, 20)",MoS2,20
"(MoS3,2);(MoOS4,70);(MoS3,4)","(MoOS4,75)",MoOS4,"(MoS3,68)",MoS3,68
"(MoOS3,681);(MoS2,65);(MoOS2,197)","(MoOS4,94)",MoOS4,"(MoOS3,681)",MoOS3,681
"(MoS3,82);(MoOS4,83);(MoS3,2)","(MoOS4,78)",MoOS4,"(MoOS3,75)",MoOS3,75
"(MoS3,3);(MoOS4,10);(MoS3,2)","(MoOS4,81)",MoOS4,"(MoOS4,17)",MoOS4,17
"(MoOS2,44);(MoS,47);(MoS3,349)","(MoOS4,131)",MoOS4,"(MoS2,100)",MoS2,100
"(MoS3,2);(MoOS4,41);(MoS3,2)","(MoOS4,132)",MoOS4,"(MoOS4,41)",MoOS4,41
"(MoS2,2);(MoOS3,26);(Mo2S7,28)","(MoOS4,132)",MoOS4,"(Mo4S10, 30)",Mo4S10,30
"(MoS3,164);(MoOS4,53);(MoS3,2)","(MoOS4,128)",MoOS4,"(MoOS3,300)",MoOS3,300
"(MoS4,2);(MoO2S5,7);(MoS3,1)","(MoOS4,108)",MoOS4,"(MoS2,15)",MoS2,15
"(MoOS4,12);(MoOS2,1);(MoS3,1)","(MoOS4,174)",MoOS4,"(MoOS2,14)",MoOS2,14
"(MoS5,1);(MoOS4,6);(MoS3,2)","(MoOS4,196)",MoOS4,"(MoOS5,12)",MoOS5,12
"(MoS3,3);(MoOS4,7);(MoS3,2)","(MoOS4,200)",MoOS4,"(MoOS3,5)",MoOS3,5
"(MoOS4,23);(MoO2S5,1);(MoS3,1)","(MoOS4,186)",MoOS4,"(MoOS4,23)",MoOS4,23
"(MoOS5,2);(MoS4,52);(MoOS5,16)","(MoOS4,158)",MoOS4,"(MoOS2,54)",MoOS2,54
"(Mo2S8,15);(MoOS3,80);(Mo2S9,21)","(MoOS4,248)",MoOS4,"(Mo4S4O16,26)",Mo4S4O16,26
"(MoS3,2);(MoOS4,57);(MoS3,2)","(MoOS4,225)",MoOS4,"(MoS3,85)",MoS3,85
"(MoS3,2);(MoOS4,6);(MoO2S5,10)","(MoOS4,242)",MoOS4,"(MoOS2,8)",MoOS2,8
"(MoS2,94);(MoS5,3);(MoS3,780)","(MoOS4,242)",MoOS4,"(MoS2,94)",MoS2,94
"(MoS3,243);(MoOS4,15);(MoS3,2)","(MoOS4,229)",MoOS4,"(MoOS3, 260)",MoOS3,260
"(MoS3,1);(MoOS6,1);(MoS5,1)","(MoOS4,270)",MoOS4,"(MoOS3,3)",MoOS3,3
"(MoS3,1);(MoS5,226);(MoOS6,3)","(MoOS4,279)",MoOS4,"(MoOS6, 230)",MoOS6,230
"(MoOS4,4);(MoOS5,146);(Mo2S5,4)","(MoOS4,264)",MoOS4,"(Mo2S5,220)",Mo2S5,220
"(MoOS5,1);(MoS4,43);(MoOS5,4)","(MoOS4,322)",MoOS4,"(MoOS2,38)",MoOS2,38
"(MoS3,2);(MoOS4,1124);(MoS3,4)","(MoOS4,329)",MoOS4,"(MoOS3,1008)",MoOS3,1008
"(MoO2S5,2);(MoOS4,120);(MoS3,2)","(MoOS4,346)",MoOS4,"(MoS3, 120)",MoS3,120
"(MoS3,45);(Mo2S6,17);(MoS3,366)","(MoOS4,307)",MoOS4,"(Mo2S6,������������_ MoS3,��������_ Mo3O9,��������)",,
"(MoS3,2);(MoOS4,1124);(MoS3,4)","(MoOS4,329)",MoOS4,"(MoOS4, 1124)",MoOS4,1124
"(MoOS4,6);(MoO2S5,1);(MoS3,1)","(MoOS4,367)",MoOS4,"(MoOS4, 13)",MoOS4,13
"(MoS3,88);(MoS5,8);(MoS3,238)","(MoOS4,380)",MoOS4,"(MoS2,196)",MoS2,196
"(MoOS6,1);(MoOS4,136);(MoS3,2)","(MoOS4,436)",MoOS4,"(MoOS4,136)",MoOS4,136
"(MoS3,2);(MoOS4,3);(MoS3,2)","(MoOS4,434)",MoOS4,"(MoS2,7)",MoS2,7
"(MoS3,4);(MoOS4,119);(MoS3,2)","(MoOS4,469)",MoOS4,"(MoOS4, 121)",MoOS4,121
"(MoS4,261);(MoOS5,16);(MoS4,155)","(MoOS5,52)",MoOS5,"(MoOS5,191)",MoOS5,191
"(MoS5,13);(MoOS5,12);(MoS4,8)","(MoOS5,14)",MoOS5,"(MoS5,42)",MoS5,42
"(MoS4,102);(MoOS5,112);(MoS4,2)","(MoOS5,20)",MoOS5,"(MoS4,102)",MoS4,102
"(MoOS7,6);(MoOS5,56);(MoS4,4)","(MoOS5,40)",MoOS5,"(MoOS5,64)",MoOS5,64
"(MoS4,134);(MoOS5,55);(MoS4,153)","(MoOS5,21)",MoOS5,"(MoOS5,134)",MoOS5,134
"(MoS4,2);(MoOS5,18);(MoS4,2)","(MoOS5,81)",MoOS5,"(MoOS5, 24)",MoOS5,24
"(MoS4,2);(MoOS5,7);(MoS4,6)","(MoOS5,105)",MoOS5,"(MoS4,18)",MoS4,18
"(MoOS4,13);(Mo2S9,2);(Mo2S7,18)","(MoOS5,66)",MoOS5,"(MoOS4,13)",MoOS4,13
"(MoOS3,1079);(MoO2S2,2);(MoOS3,304)","(MoOS5,72)",MoOS5,"(MoO2S2, 500)",MoO2S2,500
"(MoS4,2);(MoOS5,15);(MoS4,4)","(MoOS5,81)",MoOS5,"(MoOS4,20)",MoOS4,20
"(MoS4,2);(MoOS5,5);(MoS4,2)","(MoOS5,119)",MoOS5,"(MoS4,10)",MoS4,10
"(MoOS7,12);(MoOS5,139);(Mo2S10,8)","(MoOS5,113)",MoOS5,"(Mo4O12S16,300)",Mo4O12S16,300
"(MoS4,2);(MoOS5,28);(MoS4,2)","(MoOS5,149)",MoOS5,"(MoOS5, 28)",MoOS5,28
"(MoS5,7);(MoOS5,150);(MoS4,2)","(MoOS5,138)",MoOS5,"(MoOS4,35)",MoOS4,35
"(MoS4,2);(MoOS5,295);(MoS5,7)","(MoOS5,150)",MoOS5,"(MoS5,7)",MoS5,7
"(MoOS6,18);(MoOS5,260);(MoS4,3)","(MoOS5,162)",MoOS5,"(MoOS6,18)",MoOS6,18
"(MoS4,4);(MoOS5,34);(MoS4,2)","(MoOS5,161)",MoOS5,"(MoS4, 30)",MoS4,30
"(MoS4,2);(MoOS5,9);(MoS4,2)","(MoOS5,176)",MoOS5,"(MoS4,7)",MoS4,7
"(Mo2S8,29);(MoOS5,39);(MoS4,4)","(MoOS5,189)",MoOS5,"(Mo6S10, 74)",Mo6S10,74
"(MoS4,2);(MoOS5,317);(MoS4,2)","(MoOS5,180)",MoOS5,"(MoS4,10)",MoS4,10
"(MoS4,3);(MoOS5,123);(MoS4,2)","(MoOS5,236)",MoOS5,"(MoOS5, 125)",MoOS5,125
"(MoS4,2);(MoOS5,17);(MoS4,2)","(MoOS5,246)",MoOS5,"(MoOS4,20)",MoOS4,20
"(MoO2S2,458);(MoOS5,30);(MoS4,157)","(MoOS5,242)",MoOS5,"(MoOS2, 1007)",MoOS2,1007
"(MoS4,2);(MoOS5,180);(MoS4,2)","(MoOS5,210)",MoOS5,"(MoOS5, 184)",MoOS5,184
"(MoS4,2);(MoOS5,161);(MoS4,2)","(MoOS5,207)",MoOS5,"(MoOS5,161)",MoOS5,161
"(MoS5,54);(MoOS5,245);(MoS4,2)","(MoOS5,257)",MoOS5,"(MoOS4, 800)",MoOS4,800
"(MoS4,4);(MoOS5,95);(MoS4,2)","(MoOS5,260)",MoOS5,"(MoOS4,110)",MoOS4,110
"(MoS4,478);(MoOS5,15);(MoS4,3)","(MoOS5,256)",MoOS5,"(MoOS6, 150)",MoOS6,150
"(MoOS7,10);(MoOS5,28);(MoS4,2)","(MoOS5,286)",MoOS5,"(MoO2S2,50)",MoO2S2,50
"(MoS4,2);(MoOS5,138);(MoS4,2)","(MoOS5,295)",MoOS5,"(MoS4,142)",MoS4,142
"(MoS4,3);(MoOS5,14);(MoS4,2)","(MoOS5,338)",MoOS5,"(MoOS5, 17)",MoOS5,17
"(MoS4,2);(MoOS5,95);(MoS4,2)","(MoOS5,317)",MoOS5,"(MoOS4, 97)",MoOS4,97
"(MoS4,3);(MoOS5,7);(MoS4,3)","(MoOS5,308)",MoOS5,"(MoS4, 10)",MoS4,10
"(MoS4,2);(MoOS5,408);(MoS4,2)","(MoOS5,338)",MoOS5,"(MoS4,22)",MoS4,22
"(MoS4,2);(MoOS5,116);(MoS4,2)","(MoOS5,316)",MoOS5,"(MoOS5, 116)",MoOS5,116
"(MoOS5,7);(Mo2S10,1);(MoS4,1)","(MoOS5,377)",MoOS5,"(MoOS5, 35)",MoOS5,35
"(MoS4,2);(MoOS5,382);(MoOS7,34)","(MoOS5,373)",MoOS5,"(MoOS6, duration), where duration is approximately 120 picoseconds",,
"(MoS4,178);(MoOS5,10);(MoS4,2)","(MoOS5,393)",MoOS5,"(MoS4,178)",MoS4,178
"(MoS4,2);(MoOS5,149);(MoS4,2)","(MoOS5,382)",MoOS5,"(MoOS4,105)",MoOS4,105
"(MoS4,2);(MoOS5,40);(MoS4,2)","(MoOS5,429)",MoOS5,"(MoS4,38)",MoS4,38
"(MoS4,3);(MoOS5,112);(MoS4,2)","(MoOS5,408)",MoOS5,"(MoOS4,105)",MoOS4,105
"(MoS4,3);(MoOS5,119);(MoS4,2)","(MoOS5,492)",MoOS5,"(MoS4,42)",MoS4,42
"(MoOS5,246);(MoS4,2);(MoOS5,84)","(MoOS6,12)",MoOS6,"(MoOS2, 128)",MoOS2,128
"(MoOS6,41);(MoOS4,1);(MoS5,1)","(MoOS6,17)",MoOS6,"(MoOS4, 55)",MoOS4,55
"(MoS5,2);(MoOS6,137);(MoS5,2)","(MoOS6,23)",MoOS6,"(MoOS7,100)",MoOS7,100
"(MoS5,2);(MoOS6,91);(MoS5,2)","(MoOS6,50)",MoOS6,"(MoS2,105)",MoS2,105
"(MoS5,2);(MoOS6,20);(MoS5,2)","(MoOS6,14)",MoOS6,"(MoOS6,22)",MoOS6,22
"(MoS5,2);(MoOS6,8);(MoS5,4)","(MoOS6,99)",MoOS6,"(MoOS6,12)",MoOS6,12
"(MoS5,4);(MoOS6,50);(MoS5,2)","(MoOS6,67)",MoOS6,"(MoS2,30)",MoS2,30
"(MoS5,2);(MoOS6,62);(MoS5,3)","(MoOS6,94)",MoOS6,"(Mo4O5S5,85)",Mo4O5S5,85
"(MoS5,2);(MoOS6,91);(MoS5,2)","(MoOS6,91)",MoOS6,"(MoOS7,10)",MoOS7,10
"(MoS5,2);(MoOS6,40);(MoS5,2)","(MoOS6,64)",MoOS6,"(MoOS6,80)",MoOS6,80
"(MoS5,2);(MoOS6,27);(MoS5,2)","(MoOS6,154)",MoOS6,"(MoS2,25)",MoS2,25
"(MoOS4,58);(MoOS6,2);(MoS5,493)","(MoOS6,121)",MoOS6,"(MoOS4,58)",MoOS4,58
"(MoS4,2);(MoOS5,62);(MoS4,3)","(MoOS6,119)",MoOS6,"(MoS4,10)",MoS4,10
"(MoS5,2);(MoOS6,36);(MoS5,2)","(MoOS6,135)",MoOS6,"(MoOS6,52)",MoOS6,52
"(MoS5,2);(MoOS6,88);(MoS5,4)","(MoOS6,110)",MoOS6,"(MoOS7,80)",MoOS7,80
"(MoS5,4);(MoOS6,60);(MoS5,2)","(MoOS6,167)",MoOS6,"(MoOS6, 74)",MoOS6,74
"(MoS5,2);(MoOS6,367);(MoS5,4)","(MoOS6,190)",MoOS6,"(MoOS7,1000)",MoOS7,1000
"(MoS5,2);(MoOS6,44);(MoS5,2)","(MoOS6,172)",MoOS6,"(MoS5,22)",MoS5,22
"(MoS5,2);(MoOS6,135);(MoS5,3)","(MoOS6,191)",MoOS6,"(Mo4O8S4,110)",Mo4O8S4,110
"(MoS5,2);(MoOS6,336);(MoS5,2)","(MoOS6,184)",MoOS6,"(MoS4,100)",MoS4,100
"(MoS5,3);(MoOS6,67);(MoS5,4)","(MoOS6,242)",MoOS6,"(MoS2,35)",MoS2,35
"(MoS5,3);(MoOS6,15);(MoS5,2)","(MoOS6,209)",MoOS6,"(Mo4O5S4,25)",Mo4O5S4,25
"(MoS5,3);(MoOS6,5);(MoS5,69)","(MoOS6,241)",MoOS6,"(MoOS7,100)",MoOS7,100
"(MoS5,2);(MoOS6,336);(MoS5,2)","(MoOS6,250)",MoOS6,"(Mo4O6S2, 1008)",Mo4O6S2,1008
"(MoS5,4);(MoOS6,41);(MoS5,2)","(MoOS6,221)",MoOS6,"(MoS2,42)",MoS2,42
"(MoS3,157);(MoO2S5,1);(MoS5,556)","(MoOS6,267)",MoOS6,"(MoOS4, 1003)",MoOS4,1003
"(MoS5,2);(MoOS6,23);(MoS5,3)","(MoOS6,326)",MoOS6,"(MoS4,45)",MoS4,45
"(MoOS5,37);(MoS4,2);(MoOS5,206)","(MoOS6,333)",MoOS6,"(MoS4,201)",MoS4,201
"(MoS5,2);(MoOS6,67);(MoS5,4)","(MoOS6,326)",MoOS6,"(MoOS6,100)",MoOS6,100
"(MoS5,2);(MoOS6,162);(MoS5,2)","(MoOS6,336)",MoOS6,"(MoOS6,164)",MoOS6,164
"(MoS5,2);(MoOS6,130);(MoS5,4)","(MoOS6,343)",MoOS6,"(MoOS6,34)",MoOS6,34
"(MoS5,2);(MoOS6,846);(MoS5,2)","(MoOS6,367)",MoOS6,"(MoS4, 1204)",MoS4,1204
"(MoS5,4);(MoOS6,81);(MoS5,2)","(MoOS6,384)",MoOS6,"(MoOS6, 81)",MoOS6,81
"(MoS5,1);(MoOS6,75);(MoS5,2)","(MoOS6,378)",MoOS6,"(MoOS7,80)",MoOS7,80
"(MoS5,2);(MoOS6,1620);(MoS5,2)","(MoOS6,399)",MoOS6,"(MoOS6, 1644)",MoOS6,1644
"(MoS5,2);(MoOS6,26);(MoS5,7)","(MoOS6,373)",MoOS6,"(MoOS6,33)",MoOS6,33
"(MoS5,7);(MoOS6,3);(MoS5,3)","(MoOS6,441)",MoOS6,"(MoOS6,12)",MoOS6,12
"(MoS5,2);(MoOS6,1626);(MoS5,2)","(MoOS6,416)",MoOS6,"(MoS5, 1803)",MoS5,1803
"(MoOS4,55);(Mo2S9,5);(MoOS5,3)","(MoOS6,433)",MoOS6,"(Mo4S6,95)",Mo4S6,95
"(MoS5,2);(MoOS6,167);(MoS5,2)","(MoOS6,475)",MoOS6,"(MoOS7, 75)",MoOS7,75
"(MoO2S,3);(Mo,1);(MoO,1)","(MoO2S,16)",MoO2S,"(Mo3O9S2, 6)",Mo3O9S2,6
"(MoO,468);(MoO2S,9);(MoO,64)","(MoO2S,17)",MoO2S,"(MoOS2,25)",MoOS2,25
"(MoS,2);(MoOS2,37);(MoS,2)","(MoO2S,13)",MoO2S,"(MoOS2,37)",MoOS2,37
"(MoO,2);(MoO2S,26);(MoO,2)","(MoO2S,38)",MoO2S,"(MoOS2,28)",MoOS2,28
"(MoS,159);(MoOS2,2);(MoS,353)","(MoO2S,18)",MoO2S,"(MoS2,堂)",,
"(MoS3,13);(MoO2S,319);(MoO,2)","(MoO2S,94)",MoO2S,"Based on the observed sequence of molecules, it is likely that the final reaction product is MoO2S, with a duration of approximately 320 picoseconds.",,
"(MoO3,8);(MoO2,75);(MoO,5)","(MoO2S,91)",MoO2S,"(MoS2,45)",MoS2,45
"(MoO,2);(MoO2S,111);(MoO,2)","(MoO2S,80)",MoO2S,"(MoOS2, 22)",MoOS2,22
"(MoO,4);(MoO2S,19);(MoO,2)","(MoO2S,93)",MoO2S,"Based on the given input, it appears that the reaction is expanding from a starting reactant of MoO to include more oxygen atoms and eventually forming MoO2S. Given this pattern, the most likely reaction product and its corresponding duration would be:

Output: (MoO2S, 22)",MoO2S,22
"(MoS3,13);(MoO2S,319);(MoO,2)","(MoO2S,94)",MoO2S,"(MoOS2, 32)",MoOS2,32
"(MoO,2);(MoO2S,32);(MoO,2)","(MoO2S,111)",MoO2S,"(MoOS2,44)",MoOS2,44
"(MoO,2);(MoO2S,38);(MoO,3)","(MoO2S,124)",MoO2S,"(MoOS2, 38)",MoOS2,38
"(MoOS,99);(MoO2S,11);(MoO,2)","(MoO2S,126)",MoO2S,"(MoO3S2, 21)",MoO3S2,21
"(MoO2,52);(MoO,15);(MoO2,4)","(MoO2S,123)",MoO2S,"(MoO3,95)",MoO3,95
"(MoO,2);(MoO2S,32);(MoO,2)","(MoO2S,111)",MoO2S,"(MoOS, 30)",MoOS,30
"(MoO,1);(MoO2S,66);(MoO,2)","(MoO2S,191)",MoO2S,"(MoO2S2, 100)",MoO2S2,100
"(MoO,2);(MoO2S,16);(MoO,2)","(MoO2S,214)",MoO2S,"Based on the patterns observed in previous examples, it is likely that the most common resulting product molecule is MoO2S2, with a corresponding duration of around 16 picoseconds. Therefore, the predicted result is: (MoO2S2, 16)",MoO2S2,16
"(MoO,2);(MoO2S,16);(MoO,2)","(MoO2S,214)",MoO2S,"Based on the given input序列 and previous examples, it appears that the most likely reaction product is MoOS2, with a duration of approximately 20 picoseconds. The predicted output is: (MoOS2,20)",MoOS2,20
"(MoOS5,2);(MoS4,229);(MoS3,13)","(MoO2S,319)",MoO2S,"(MoOS4,201)",MoOS4,201
"(MoOS5,2);(MoS4,229);(MoS3,13)","(MoO2S,319)",MoO2S,"(MoOS4,110)",MoOS4,110
"(MoOS,61);(MoO2S2,14);(MoOS,2)","(MoO2S2,14)",MoO2S2,"(MoOS2,115)",MoOS2,115
"(MoS2,2);(MoO2S2,4);(MoS2,2)","(MoO2S2,24)",MoO2S2,"(Mo2S4,6)",Mo2S4,6
"(MoOS,7);(MoO2S2,10);(MoOS,4)","(MoO2S2,26)",MoO2S2,"(MoOS2,11)",MoOS2,11
"(MoOS3,1);(MoOS2,1);(MoOS,281)","(MoO2S2,28)",MoO2S2,"(MoS2,500)",MoS2,500
"(MoO2S,7);(MoO,231);(MoOS,61)","(MoO2S2,14)",MoO2S2,"(Mo4O12S4,110)",Mo4O12S4,110
"(MoOS3,35);(MoS3,24);(MoOS3,37)","(MoO2S2,94)",MoO2S2,"(MoS3, 55)",MoS3,55
"(MoOS,41);(MoO2S2,6);(MoOS,143)","(MoO2S2,175)",MoO2S2,"(MoOS2, 400)",MoOS2,400
"(MoO2,15);(MoO,12);(MoO2,225)","(MoO2S2,176)",MoO2S2,"(MoO3, 32), (MoO2, 200)",MoO3,32
"(MoOS2,10);(MoO,11);(MoOS2,7)","(MoO2S2,210)",MoO2S2,"(MoO2S2,25)",MoO2S2,25
"(MoOS3,204);(MoS2,2);(MoOS3,20)","(MoO2S2,355)",MoO2S2,"(MoOS3,164)",MoOS3,164
"(MoS3,41);(Mo2S7,28);(MoOS3,131)","(MoO2S2,458)",MoO2S2,"(Mo4O12S8, 300)",Mo4O12S8,300
"(MoS3,2);(MoOS4,112);(MoOS3,19)","(MoO2S4,22)",MoO2S4,"(MoS2, 500)",MoS2,500
"(MoS3,2);(MoOS4,4);(MoS3,15)","(MoO2S4,19)",MoO2S4,"(MoOS4,21)",MoOS4,21
"(MoS3,2);(MoOS4,18);(MoOS3,35)","(MoO2S4,51)",MoO2S4,"(MoOS3,35)",MoOS3,35
"(MoS4,106);(MoOS5,6);(MoOS3,212)","(MoO2S4,35)",MoO2S4,"(MoOS4, �)",,
"(MoS4,230);(MoO2S4,5);(MoS4,2)","(MoO2S4,15)",MoO2S4,"(MoO2S4,235)",MoO2S4,235
"(MoOS4,4);(MoS3,2);(MoOS4,29)","(MoO2S4,21)",MoO2S4,"(MoOS4,49)",MoOS4,49
"(MoOS4,242);(MoS4,15);(MoOS4,6)","(MoO2S4,385)",MoO2S4,"(MoS4,120)",MoS4,120
"(MoOS4,6);(MoO2S4,385);(MoS3,2)","(MoO2S4,74)",MoO2S4,"(MoOS3,85)",MoOS3,85
"(MoO2S4,820);(MoS3,2);(MoOS3,1)","(MoO2S4,45)",MoO2S4,"(MoOS4,1000)",MoOS4,1000
"(Mo2S9,1);(MoS4,35);(Mo2S8,182)","(MoO2S4,10)",MoO2S4,"(Mo2S9, 35)",Mo2S9,35
"(Mo2S8,182);(MoO2S4,10);(Mo2S8,9)","(MoO2S4,42)",MoO2S4,"(Mo2S8, 181)",Mo2S8,181
"(Mo2S8,9);(MoO2S4,42);(MoS3,5)","(MoO2S4,38)",MoO2S4,"(Mo3S8, 100)",Mo3S8,100
"(MoS3,5);(MoO2S4,38);(MoOS3,2)","(MoO2S4,40)",MoO2S4,"(MoOS3,42)",MoOS3,42
"(MoS4,5);(MoOS5,104);(MoS4,65)","(MoO2S4,18)",MoO2S4,"(MoS4,90)",MoS4,90
"(Mo2S6,170);(Mo2S8,11);(Mo2S6,86)","(MoO2S4,22)",MoO2S4,"(Mo2S7, 64)",Mo2S7,64
"(MoO2S4,8);(MoS3,1);(MoOS3,1)","(MoO2S4,10)",MoO2S4,"(MoOS4,10)",MoOS4,10
"(MoS4,2);(MoOS5,2);(MoOS3,221)","(MoO2S4,18)",MoO2S4,"(MoOS3,221)",MoOS3,221
"(MoOS3,4);(MoS2,23);(MoOS3,449)","(MoO2S4,44)",MoO2S4,"(MoS2,23)",MoS2,23
"(MoO,289);(MoOS2,8);(MoO,103)","(MoO3,13)",MoO3,"(MoS2O3,28)",MoS2O3,28
"(MoO,28);(MoO3,4);(MoO,5)","(MoO3,12)",MoO3,"(MoO2,23)",MoO2,23
"(MoO,5);(MoO3,12);(MoO,2)","(MoO3,14)",MoO3,"(MoO4,10)",MoO4,10
"(MoO2,2);(MoO2S2,2);(MoO2,317)","(MoO3,10)",MoO3,"(MoOS2, 317)",MoOS2,317
"(MoO,2);(MoO3,3);(MoO,3)","(MoO3,43)",MoO3,"(MoO4,5)",MoO4,5
"(MoO,11);(MoO3,24);(MoO,2)","(MoO3,24)",MoO3,"(MoO2,44)",MoO2,44
"(MoO,3);(MoO3,6);(MoO,2)","(MoO3,11)",MoO3,"(MoO2,5)",MoO2,5
"(MoO,3);(MoO3,9);(MoO,2)","(MoO3,15)",MoO3,"(MoO4,15)",MoO4,15
"(MoO,2);(MoO3,15);(MoO,2)","(MoO3,29)",MoO3,"(MoO4,25)",MoO4,25
"(MoO,2);(MoO3,29);(MoO,4)","(MoO3,19)",MoO3,"(MoO2-S,25)",S,25
"(MoO,4);(MoO3,4);(MoO,3)","(MoO3,21)",MoO3,"(MoS2,200)",MoS2,200
"(MoO,2);(MoO3,4);(MoO,8)","(MoO3,24)",MoO3,"(MoO3,20)",MoO3,20
"(MoO,2);(MoO3,5);(MoO,7)","(MoO3,12)",MoO3,"(MoO4,20)",MoO4,20
"(MoO,7);(MoO3,12);(MoO,6)","(MoO3,21)",MoO3,"(MoO2S2,25)",MoO2S2,25
"(MoO,6);(MoO3,21);(MoO,2)","(MoO3,19)",MoO3,"(MoO4,19)",MoO4,19
"(MoO,2);(MoO3,19);(MoO,10)","(MoO3,11)",MoO3,"(MoO3,20)",MoO3,20
"(MoO,7);(MoO3,6);(MoO,2)","(MoO3,22)",MoO3,"(MoO3,11)",MoO3,11
"(MoO,2);(MoO3,22);(MoO,2)","(MoO3,24)",MoO3,"(MoS2,25)",MoS2,25
"(MoO,2);(MoO3,7);(MoO,8)","(MoO3,10)",MoO3,"(MoO3,14)",MoO3,14
"(MoO,2);(MoO3,9);(MoO,2)","(MoO3,16)",MoO3,"(MoS2,10)",MoS2,10
"(MoO,6);(MoO3,5);(MoO,20)","(MoO3,10)",MoO3,"(MoS2, 25)",MoS2,25
